date,item_id,item_name,units_sold,stockout_flag,is_weekend,is_rainy
2024-09-10,M01,Nasi Goreng Spesial,88,0,0,0
2024-09-10,M02,Mie Goreng Ayam,73,0,0,0
2024-09-10,M03,Es Teh Manis,152,0,0,0
2024-09-11,M01,Nasi Goreng Spesial,82,1,0,0
2024-09-11,M02,Mie Goreng Ayam,65,0,0,0
2024-09-11,M03,Es Teh Manis,155,0,0,0
2024-09-12,M01,Nasi Goreng Spesial,73,0,0,0
2024-09-12,M02,Mie Goreng Ayam,79,0,0,0
2024-09-12,M03,Es Teh Manis,145,0,0,0
2024-09-13,M01,Nasi Goreng Spesial,92,0,0,0
2024-09-13,M02,Mie Goreng Ayam,70,0,0,0
2024-09-13,M03,Es Teh Manis,135,0,0,0
2024-09-14,M01,Nasi Goreng Spesial,123,0,1,0
2024-09-14,M02,Mie Goreng Ayam,100,0,1,0
2024-09-14,M03,Es Teh Manis,184,0,1,0
2024-09-15,M01,Nasi Goreng Spesial,96,1,1,0
2024-09-15,M02,Mie Goreng Ayam,99,0,1,0
2024-09-15,M03,Es Teh Manis,182,0,1,0
2024-09-16,M01,Nasi Goreng Spesial,76,1,0,0
2024-09-16,M02,Mie Goreng Ayam,78,0,0,0
2024-09-16,M03,Es Teh Manis,139,0,0,0
2024-09-17,M01,Nasi Goreng Spesial,69,0,0,1
2024-09-17,M02,Mie Goreng Ayam,62,0,0,1
2024-09-17,M03,Es Teh Manis,109,0,0,1
2024-09-18,M01,Nasi Goreng Spesial,105,0,0,0
2024-09-18,M02,Mie Goreng Ayam,78,0,0,0
2024-09-18,M03,Es Teh Manis,147,0,0,0
2024-09-19,M01,Nasi Goreng Spesial,78,0,0,1
2024-09-19,M02,Mie Goreng Ayam,54,0,0,1
2024-09-19,M03,Es Teh Manis,125,0,0,1
2024-09-20,M01,Nasi Goreng Spesial,93,0,0,1
2024-09-20,M02,Mie Goreng Ayam,62,0,0,1
2024-09-20,M03,Es Teh Manis,137,0,0,1
2024-09-21,M01,Nasi Goreng Spesial,118,0,1,1
2024-09-21,M02,Mie Goreng Ayam,51,0,1,1
2024-09-21,M03,Es Teh Manis,173,0,1,1
2024-09-22,M01,Nasi Goreng Spesial,115,0,1,0
2024-09-22,M02,Mie Goreng Ayam,75,1,1,0
2024-09-22,M03,Es Teh Manis,189,0,1,0
2024-09-23,M01,Nasi Goreng Spesial,85,0,0,0
2024-09-23,M02,Mie Goreng Ayam,45,1,0,0
2024-09-23,M03,Es Teh Manis,144,0,0,0
2024-09-24,M01,Nasi Goreng Spesial,102,0,0,0
2024-09-24,M02,Mie Goreng Ayam,73,0,0,0
2024-09-24,M03,Es Teh Manis,163,0,0,0
2024-09-25,M01,Nasi Goreng Spesial,101,0,0,0
2024-09-25,M02,Mie Goreng Ayam,66,0,0,0
2024-09-25,M03,Es Teh Manis,135,0,0,0
2024-09-26,M01,Nasi Goreng Spesial,73,0,0,0
2024-09-26,M02,Mie Goreng Ayam,73,0,0,0
2024-09-26,M03,Es Teh Manis,154,0,0,0
2024-09-27,M01,Nasi Goreng Spesial,98,0,0,0
2024-09-27,M02,Mie Goreng Ayam,54,1,0,0
2024-09-27,M03,Es Teh Manis,149,0,0,0
2024-09-28,M01,Nasi Goreng Spesial,119,0,1,0
2024-09-28,M02,Mie Goreng Ayam,81,0,1,0
2024-09-28,M03,Es Teh Manis,188,0,1,0
2024-09-29,M01,Nasi Goreng Spesial,110,0,1,1
2024-09-29,M02,Mie Goreng Ayam,57,1,1,1
2024-09-29,M03,Es Teh Manis,154,0,1,1
2024-09-30,M01,Nasi Goreng Spesial,92,0,0,0
2024-09-30,M02,Mie Goreng Ayam,77,0,0,0
2024-09-30,M03,Es Teh Manis,164,0,0,0
2024-10-01,M01,Nasi Goreng Spesial,113,0,0,0
2024-10-01,M02,Mie Goreng Ayam,60,0,0,0
2024-10-01,M03,Es Teh Manis,144,0,0,0
2024-10-02,M01,Nasi Goreng Spesial,100,0,0,0
2024-10-02,M02,Mie Goreng Ayam,66,0,0,0
2024-10-02,M03,Es Teh Manis,155,0,0,0
2024-10-03,M01,Nasi Goreng Spesial,75,0,0,1
2024-10-03,M02,Mie Goreng Ayam,38,1,0,1
2024-10-03,M03,Es Teh Manis,124,0,0,1
2024-10-04,M01,Nasi Goreng Spesial,110,0,0,0
2024-10-04,M02,Mie Goreng Ayam,75,0,0,0
2024-10-04,M03,Es Teh Manis,146,0,0,0
2024-10-05,M01,Nasi Goreng Spesial,108,0,1,1
2024-10-05,M02,Mie Goreng Ayam,64,0,1,1
2024-10-05,M03,Es Teh Manis,152,0,1,1
2024-10-06,M01,Nasi Goreng Spesial,116,0,1,1
2024-10-06,M02,Mie Goreng Ayam,89,0,1,1
2024-10-06,M03,Es Teh Manis,168,0,1,1
2024-10-07,M01,Nasi Goreng Spesial,108,0,0,0
2024-10-07,M02,Mie Goreng Ayam,88,0,0,0
2024-10-07,M03,Es Teh Manis,154,0,0,0
2024-10-08,M01,Nasi Goreng Spesial,77,0,0,1
2024-10-08,M02,Mie Goreng Ayam,48,0,0,1
2024-10-08,M03,Es Teh Manis,131,0,0,1
2024-10-09,M01,Nasi Goreng Spesial,109,0,0,0
2024-10-09,M02,Mie Goreng Ayam,45,1,0,0
2024-10-09,M03,Es Teh Manis,141,0,0,0
2024-10-10,M01,Nasi Goreng Spesial,97,0,0,1
2024-10-10,M02,Mie Goreng Ayam,64,0,0,1
2024-10-10,M03,Es Teh Manis,113,0,0,1
2024-10-11,M01,Nasi Goreng Spesial,99,0,0,0
2024-10-11,M02,Mie Goreng Ayam,44,1,0,0
2024-10-11,M03,Es Teh Manis,115,1,0,0
2024-10-12,M01,Nasi Goreng Spesial,81,1,1,1
2024-10-12,M02,Mie Goreng Ayam,63,1,1,1
2024-10-12,M03,Es Teh Manis,161,0,1,1
2024-10-13,M01,Nasi Goreng Spesial,118,0,1,1
2024-10-13,M02,Mie Goreng Ayam,59,1,1,1
2024-10-13,M03,Es Teh Manis,153,0,1,1
2024-10-14,M01,Nasi Goreng Spesial,76,1,0,0
2024-10-14,M02,Mie Goreng Ayam,61,0,0,0
2024-10-14,M03,Es Teh Manis,160,0,0,0
2024-10-15,M01,Nasi Goreng Spesial,100,0,0,0
2024-10-15,M02,Mie Goreng Ayam,56,0,0,0
2024-10-15,M03,Es Teh Manis,140,0,0,0
2024-10-16,M01,Nasi Goreng Spesial,85,0,0,1
2024-10-16,M02,Mie Goreng Ayam,68,0,0,1
2024-10-16,M03,Es Teh Manis,140,0,0,1
2024-10-17,M01,Nasi Goreng Spesial,94,0,0,1
2024-10-17,M02,Mie Goreng Ayam,51,0,0,1
2024-10-17,M03,Es Teh Manis,125,0,0,1
2024-10-18,M01,Nasi Goreng Spesial,82,0,0,0
2024-10-18,M02,Mie Goreng Ayam,73,0,0,0
2024-10-18,M03,Es Teh Manis,141,0,0,0
2024-10-19,M01,Nasi Goreng Spesial,107,0,1,1
2024-10-19,M02,Mie Goreng Ayam,70,0,1,1
2024-10-19,M03,Es Teh Manis,167,0,1,1
2024-10-20,M01,Nasi Goreng Spesial,107,1,1,0
2024-10-20,M02,Mie Goreng Ayam,99,0,1,0
2024-10-20,M03,Es Teh Manis,205,0,1,0
2024-10-21,M01,Nasi Goreng Spesial,93,0,0,0
2024-10-21,M02,Mie Goreng Ayam,75,0,0,0
2024-10-21,M03,Es Teh Manis,158,0,0,0
2024-10-22,M01,Nasi Goreng Spesial,103,0,0,0
2024-10-22,M02,Mie Goreng Ayam,53,0,0,0
2024-10-22,M03,Es Teh Manis,153,0,0,0
2024-10-23,M01,Nasi Goreng Spesial,116,0,0,0
2024-10-23,M02,Mie Goreng Ayam,82,0,0,0
2024-10-23,M03,Es Teh Manis,142,0,0,0
2024-10-24,M01,Nasi Goreng Spesial,97,0,0,0
2024-10-24,M02,Mie Goreng Ayam,88,0,0,0
2024-10-24,M03,Es Teh Manis,137,0,0,0
2024-10-25,M01,Nasi Goreng Spesial,98,0,0,0
2024-10-25,M02,Mie Goreng Ayam,65,0,0,0
2024-10-25,M03,Es Teh Manis,151,0,0,0
2024-10-26,M01,Nasi Goreng Spesial,134,0,1,0
2024-10-26,M02,Mie Goreng Ayam,100,0,1,0
2024-10-26,M03,Es Teh Manis,192,0,1,0
2024-10-27,M01,Nasi Goreng Spesial,111,0,1,1
2024-10-27,M02,Mie Goreng Ayam,93,0,1,1
2024-10-27,M03,Es Teh Manis,153,0,1,1
2024-10-28,M01,Nasi Goreng Spesial,66,1,0,1
2024-10-28,M02,Mie Goreng Ayam,58,0,0,1
2024-10-28,M03,Es Teh Manis,122,0,0,1
2024-10-29,M01,Nasi Goreng Spesial,87,0,0,1
2024-10-29,M02,Mie Goreng Ayam,53,0,0,1
2024-10-29,M03,Es Teh Manis,135,0,0,1
2024-10-30,M01,Nasi Goreng Spesial,103,0,0,0
2024-10-30,M02,Mie Goreng Ayam,75,0,0,0
2024-10-30,M03,Es Teh Manis,155,0,0,0
2024-10-31,M01,Nasi Goreng Spesial,77,0,0,1
2024-10-31,M02,Mie Goreng Ayam,72,0,0,1
2024-10-31,M03,Es Teh Manis,90,1,0,1
2024-11-01,M01,Nasi Goreng Spesial,100,0,0,1
2024-11-01,M02,Mie Goreng Ayam,55,0,0,1
2024-11-01,M03,Es Teh Manis,127,0,0,1
2024-11-02,M01,Nasi Goreng Spesial,139,0,1,0
2024-11-02,M02,Mie Goreng Ayam,70,1,1,0
2024-11-02,M03,Es Teh Manis,193,0,1,0
2024-11-03,M01,Nasi Goreng Spesial,112,0,1,0
2024-11-03,M02,Mie Goreng Ayam,86,0,1,0
2024-11-03,M03,Es Teh Manis,202,0,1,0
2024-11-04,M01,Nasi Goreng Spesial,106,0,0,0
2024-11-04,M02,Mie Goreng Ayam,70,0,0,0
2024-11-04,M03,Es Teh Manis,143,0,0,0
2024-11-05,M01,Nasi Goreng Spesial,106,0,0,0
2024-11-05,M02,Mie Goreng Ayam,83,0,0,0
2024-11-05,M03,Es Teh Manis,145,0,0,0
2024-11-06,M01,Nasi Goreng Spesial,87,0,0,1
2024-11-06,M02,Mie Goreng Ayam,45,0,0,1
2024-11-06,M03,Es Teh Manis,84,1,0,1
2024-11-07,M01,Nasi Goreng Spesial,78,0,0,1
2024-11-07,M02,Mie Goreng Ayam,73,0,0,1
2024-11-07,M03,Es Teh Manis,80,1,0,1
2024-11-08,M01,Nasi Goreng Spesial,115,0,0,0
2024-11-08,M02,Mie Goreng Ayam,69,0,0,0
2024-11-08,M03,Es Teh Manis,147,0,0,0
2024-11-09,M01,Nasi Goreng Spesial,142,0,1,0
2024-11-09,M02,Mie Goreng Ayam,73,1,1,0
2024-11-09,M03,Es Teh Manis,180,0,1,0
2024-11-10,M01,Nasi Goreng Spesial,90,1,1,0
2024-11-10,M02,Mie Goreng Ayam,93,0,1,0
2024-11-10,M03,Es Teh Manis,195,0,1,0
2024-11-11,M01,Nasi Goreng Spesial,107,0,0,1
2024-11-11,M02,Mie Goreng Ayam,63,0,0,1
2024-11-11,M03,Es Teh Manis,104,1,0,1
2024-11-12,M01,Nasi Goreng Spesial,118,0,0,0
2024-11-12,M02,Mie Goreng Ayam,91,0,0,0
2024-11-12,M03,Es Teh Manis,141,0,0,0
2024-11-13,M01,Nasi Goreng Spesial,110,0,0,0
2024-11-13,M02,Mie Goreng Ayam,38,1,0,0
2024-11-13,M03,Es Teh Manis,130,0,0,0
2024-11-14,M01,Nasi Goreng Spesial,103,0,0,0
2024-11-14,M02,Mie Goreng Ayam,42,1,0,0
2024-11-14,M03,Es Teh Manis,168,0,0,0
2024-11-15,M01,Nasi Goreng Spesial,99,0,0,0
2024-11-15,M02,Mie Goreng Ayam,50,1,0,0
2024-11-15,M03,Es Teh Manis,152,0,0,0
2024-11-16,M01,Nasi Goreng Spesial,99,0,1,1
2024-11-16,M02,Mie Goreng Ayam,76,0,1,1
2024-11-16,M03,Es Teh Manis,178,0,1,1
2024-11-17,M01,Nasi Goreng Spesial,99,1,1,0
2024-11-17,M02,Mie Goreng Ayam,70,1,1,0
2024-11-17,M03,Es Teh Manis,157,1,1,0
2024-11-18,M01,Nasi Goreng Spesial,88,0,0,1
2024-11-18,M02,Mie Goreng Ayam,36,1,0,1
2024-11-18,M03,Es Teh Manis,126,0,0,1
2024-11-19,M01,Nasi Goreng Spesial,110,0,0,0
2024-11-19,M02,Mie Goreng Ayam,85,0,0,0
2024-11-19,M03,Es Teh Manis,152,0,0,0
2024-11-20,M01,Nasi Goreng Spesial,120,0,0,0
2024-11-20,M02,Mie Goreng Ayam,90,0,0,0
2024-11-20,M03,Es Teh Manis,167,0,0,0
2024-11-21,M01,Nasi Goreng Spesial,114,0,0,0
2024-11-21,M02,Mie Goreng Ayam,78,0,0,0
2024-11-21,M03,Es Teh Manis,132,0,0,0
2024-11-22,M01,Nasi Goreng Spesial,99,0,0,1
2024-11-22,M02,Mie Goreng Ayam,74,0,0,1
2024-11-22,M03,Es Teh Manis,128,0,0,1
2024-11-23,M01,Nasi Goreng Spesial,110,0,1,1
2024-11-23,M02,Mie Goreng Ayam,85,0,1,1
2024-11-23,M03,Es Teh Manis,165,0,1,1
2024-11-24,M01,Nasi Goreng Spesial,134,0,1,0
2024-11-24,M02,Mie Goreng Ayam,94,0,1,0
2024-11-24,M03,Es Teh Manis,185,0,1,0
2024-11-25,M01,Nasi Goreng Spesial,105,0,0,1
2024-11-25,M02,Mie Goreng Ayam,56,0,0,1
2024-11-25,M03,Es Teh Manis,119,0,0,1
2024-11-26,M01,Nasi Goreng Spesial,94,0,0,0
2024-11-26,M02,Mie Goreng Ayam,64,0,0,0
2024-11-26,M03,Es Teh Manis,138,0,0,0
2024-11-27,M01,Nasi Goreng Spesial,105,0,0,0
2024-11-27,M02,Mie Goreng Ayam,82,0,0,0
2024-11-27,M03,Es Teh Manis,158,0,0,0
2024-11-28,M01,Nasi Goreng Spesial,93,0,0,0
2024-11-28,M02,Mie Goreng Ayam,67,0,0,0
2024-11-28,M03,Es Teh Manis,126,0,0,0
2024-11-29,M01,Nasi Goreng Spesial,108,0,0,0
2024-11-29,M02,Mie Goreng Ayam,60,0,0,0
2024-11-29,M03,Es Teh Manis,140,0,0,0
2024-11-30,M01,Nasi Goreng Spesial,130,0,1,0
2024-11-30,M02,Mie Goreng Ayam,83,0,1,0
2024-11-30,M03,Es Teh Manis,180,0,1,0
2024-12-01,M01,Nasi Goreng Spesial,122,0,1,0
2024-12-01,M02,Mie Goreng Ayam,87,0,1,0
2024-12-01,M03,Es Teh Manis,205,0,1,0
2024-12-02,M01,Nasi Goreng Spesial,106,0,0,0
2024-12-02,M02,Mie Goreng Ayam,85,0,0,0
2024-12-02,M03,Es Teh Manis,155,0,0,0
2024-12-03,M01,Nasi Goreng Spesial,113,0,0,0
2024-12-03,M02,Mie Goreng Ayam,56,0,0,0
2024-12-03,M03,Es Teh Manis,150,0,0,0
2024-12-04,M01,Nasi Goreng Spesial,101,0,0,0
2024-12-04,M02,Mie Goreng Ayam,63,0,0,0
2024-12-04,M03,Es Teh Manis,145,0,0,0
2024-12-05,M01,Nasi Goreng Spesial,55,1,0,0
2024-12-05,M02,Mie Goreng Ayam,76,0,0,0
2024-12-05,M03,Es Teh Manis,153,0,0,0
2024-12-06,M01,Nasi Goreng Spesial,84,0,0,1
2024-12-06,M02,Mie Goreng Ayam,48,1,0,1
2024-12-06,M03,Es Teh Manis,117,0,0,1
2024-12-07,M01,Nasi Goreng Spesial,139,0,1,0
2024-12-07,M02,Mie Goreng Ayam,83,0,1,0
2024-12-07,M03,Es Teh Manis,197,0,1,0
2024-12-08,M01,Nasi Goreng Spesial,102,0,1,0
2024-12-08,M02,Mie Goreng Ayam,97,0,1,0
2024-12-08,M03,Es Teh Manis,178,0,1,0
2024-12-09,M01,Nasi Goreng Spesial,98,0,0,0
2024-12-09,M02,Mie Goreng Ayam,65,0,0,0
2024-12-09,M03,Es Teh Manis,143,0,0,0
2024-12-10,M01,Nasi Goreng Spesial,92,0,0,1
2024-12-10,M02,Mie Goreng Ayam,34,0,0,1
2024-12-10,M03,Es Teh Manis,89,1,0,1
2024-12-11,M01,Nasi Goreng Spesial,86,0,0,1
2024-12-11,M02,Mie Goreng Ayam,60,0,0,1
2024-12-11,M03,Es Teh Manis,132,0,0,1
2024-12-12,M01,Nasi Goreng Spesial,115,0,0,0
2024-12-12,M02,Mie Goreng Ayam,65,0,0,0
2024-12-12,M03,Es Teh Manis,145,0,0,0
2024-12-13,M01,Nasi Goreng Spesial,77,0,0,0
2024-12-13,M02,Mie Goreng Ayam,73,0,0,0
2024-12-13,M03,Es Teh Manis,147,0,0,0
2024-12-14,M01,Nasi Goreng Spesial,143,0,1,0
2024-12-14,M02,Mie Goreng Ayam,91,0,1,0
2024-12-14,M03,Es Teh Manis,211,0,1,0
2024-12-15,M01,Nasi Goreng Spesial,138,0,1,0
2024-12-15,M02,Mie Goreng Ayam,91,0,1,0
2024-12-15,M03,Es Teh Manis,196,0,1,0
2024-12-16,M01,Nasi Goreng Spesial,105,0,0,0
2024-12-16,M02,Mie Goreng Ayam,76,0,0,0
2024-12-16,M03,Es Teh Manis,172,0,0,0
2024-12-17,M01,Nasi Goreng Spesial,89,0,0,0
2024-12-17,M02,Mie Goreng Ayam,61,0,0,0
2024-12-17,M03,Es Teh Manis,165,0,0,0
2024-12-18,M01,Nasi Goreng Spesial,104,0,0,0
2024-12-18,M02,Mie Goreng Ayam,67,0,0,0
2024-12-18,M03,Es Teh Manis,140,0,0,0
2024-12-19,M01,Nasi Goreng Spesial,109,0,0,0
2024-12-19,M02,Mie Goreng Ayam,79,0,0,0
2024-12-19,M03,Es Teh Manis,133,0,0,0
2024-12-20,M01,Nasi Goreng Spesial,76,1,0,0
2024-12-20,M02,Mie Goreng Ayam,52,0,0,0
2024-12-20,M03,Es Teh Manis,123,1,0,0
2024-12-21,M01,Nasi Goreng Spesial,131,0,1,0
2024-12-21,M02,Mie Goreng Ayam,117,0,1,0
2024-12-21,M03,Es Teh Manis,159,1,1,0
2024-12-22,M01,Nasi Goreng Spesial,116,0,1,1
2024-12-22,M02,Mie Goreng Ayam,96,0,1,1
2024-12-22,M03,Es Teh Manis,179,0,1,1
2024-12-23,M01,Nasi Goreng Spesial,84,0,0,1
2024-12-23,M02,Mie Goreng Ayam,50,1,0,1
2024-12-23,M03,Es Teh Manis,152,0,0,1
2024-12-24,M01,Nasi Goreng Spesial,105,0,0,0
2024-12-24,M02,Mie Goreng Ayam,59,0,0,0
2024-12-24,M03,Es Teh Manis,99,1,0,0
2024-12-25,M01,Nasi Goreng Spesial,112,0,0,0
2024-12-25,M02,Mie Goreng Ayam,61,0,0,0
2024-12-25,M03,Es Teh Manis,138,0,0,0
2024-12-26,M01,Nasi Goreng Spesial,98,0,0,0
2024-12-26,M02,Mie Goreng Ayam,67,0,0,0
2024-12-26,M03,Es Teh Manis,156,0,0,0
2024-12-27,M01,Nasi Goreng Spesial,66,1,0,0
2024-12-27,M02,Mie Goreng Ayam,75,0,0,0
2024-12-27,M03,Es Teh Manis,106,1,0,0
2024-12-28,M01,Nasi Goreng Spesial,128,0,1,0
2024-12-28,M02,Mie Goreng Ayam,91,0,1,0
2024-12-28,M03,Es Teh Manis,194,0,1,0
2024-12-29,M01,Nasi Goreng Spesial,155,0,1,0
2024-12-29,M02,Mie Goreng Ayam,79,0,1,0
2024-12-29,M03,Es Teh Manis,208,0,1,0
2024-12-30,M01,Nasi Goreng Spesial,73,0,0,0
2024-12-30,M02,Mie Goreng Ayam,66,0,0,0
2024-12-30,M03,Es Teh Manis,109,1,0,0
2024-12-31,M01,Nasi Goreng Spesial,108,0,0,0
2024-12-31,M02,Mie Goreng Ayam,56,0,0,0
2024-12-31,M03,Es Teh Manis,154,0,0,0
2025-01-01,M01,Nasi Goreng Spesial,92,0,0,0
2025-01-01,M02,Mie Goreng Ayam,77,0,0,0
2025-01-01,M03,Es Teh Manis,138,0,0,0
2025-01-02,M01,Nasi Goreng Spesial,90,0,0,1
2025-01-02,M02,Mie Goreng Ayam,48,0,0,1
2025-01-02,M03,Es Teh Manis,135,0,0,1
2025-01-03,M01,Nasi Goreng Spesial,75,0,0,1
2025-01-03,M02,Mie Goreng Ayam,48,0,0,1
2025-01-03,M03,Es Teh Manis,133,0,0,1
2025-01-04,M01,Nasi Goreng Spesial,113,0,1,0
2025-01-04,M02,Mie Goreng Ayam,108,0,1,0
2025-01-04,M03,Es Teh Manis,182,0,1,0
2025-01-05,M01,Nasi Goreng Spesial,121,0,1,0
2025-01-05,M02,Mie Goreng Ayam,78,0,1,0
2025-01-05,M03,Es Teh Manis,212,0,1,0
2025-01-06,M01,Nasi Goreng Spesial,109,0,0,0
2025-01-06,M02,Mie Goreng Ayam,69,0,0,0
2025-01-06,M03,Es Teh Manis,171,0,0,0
2025-01-07,M01,Nasi Goreng Spesial,106,0,0,0
2025-01-07,M02,Mie Goreng Ayam,70,0,0,0
2025-01-07,M03,Es Teh Manis,153,0,0,0
2025-01-08,M01,Nasi Goreng Spesial,83,0,0,0
2025-01-08,M02,Mie Goreng Ayam,75,0,0,0
2025-01-08,M03,Es Teh Manis,145,0,0,0
2025-01-09,M01,Nasi Goreng Spesial,78,1,0,0
2025-01-09,M02,Mie Goreng Ayam,72,0,0,0
2025-01-09,M03,Es Teh Manis,159,0,0,0
2025-01-10,M01,Nasi Goreng Spesial,98,0,0,0
2025-01-10,M02,Mie Goreng Ayam,78,0,0,0
2025-01-10,M03,Es Teh Manis,146,0,0,0
2025-01-11,M01,Nasi Goreng Spesial,131,0,1,0
2025-01-11,M02,Mie Goreng Ayam,81,0,1,0
2025-01-11,M03,Es Teh Manis,181,0,1,0
2025-01-12,M01,Nasi Goreng Spesial,112,1,1,0
2025-01-12,M02,Mie Goreng Ayam,87,0,1,0
2025-01-12,M03,Es Teh Manis,201,0,1,0
2025-01-13,M01,Nasi Goreng Spesial,84,0,0,0
2025-01-13,M02,Mie Goreng Ayam,81,0,0,0
2025-01-13,M03,Es Teh Manis,142,0,0,0
2025-01-14,M01,Nasi Goreng Spesial,104,0,0,1
2025-01-14,M02,Mie Goreng Ayam,59,0,0,1
2025-01-14,M03,Es Teh Manis,132,0,0,1
2025-01-15,M01,Nasi Goreng Spesial,105,0,0,0
2025-01-15,M02,Mie Goreng Ayam,46,1,0,0
2025-01-15,M03,Es Teh Manis,147,0,0,0
2025-01-16,M01,Nasi Goreng Spesial,71,0,0,1
2025-01-16,M02,Mie Goreng Ayam,57,0,0,1
2025-01-16,M03,Es Teh Manis,135,0,0,1
2025-01-17,M01,Nasi Goreng Spesial,106,0,0,0
2025-01-17,M02,Mie Goreng Ayam,69,0,0,0
2025-01-17,M03,Es Teh Manis,99,1,0,0
2025-01-18,M01,Nasi Goreng Spesial,118,0,1,1
2025-01-18,M02,Mie Goreng Ayam,78,0,1,1
2025-01-18,M03,Es Teh Manis,127,1,1,1
2025-01-19,M01,Nasi Goreng Spesial,108,0,1,1
2025-01-19,M02,Mie Goreng Ayam,77,0,1,1
2025-01-19,M03,Es Teh Manis,166,0,1,1
2025-01-20,M01,Nasi Goreng Spesial,85,0,0,0
2025-01-20,M02,Mie Goreng Ayam,75,0,0,0
2025-01-20,M03,Es Teh Manis,139,0,0,0
2025-01-21,M01,Nasi Goreng Spesial,112,0,0,0
2025-01-21,M02,Mie Goreng Ayam,84,0,0,0
2025-01-21,M03,Es Teh Manis,151,0,0,0
2025-01-22,M01,Nasi Goreng Spesial,71,0,0,1
2025-01-22,M02,Mie Goreng Ayam,65,0,0,1
2025-01-22,M03,Es Teh Manis,134,0,0,1
2025-01-23,M01,Nasi Goreng Spesial,85,0,0,1
2025-01-23,M02,Mie Goreng Ayam,54,0,0,1
2025-01-23,M03,Es Teh Manis,141,0,0,1
2025-01-24,M01,Nasi Goreng Spesial,68,0,0,1
2025-01-24,M02,Mie Goreng Ayam,41,0,0,1
2025-01-24,M03,Es Teh Manis,124,0,0,1
2025-01-25,M01,Nasi Goreng Spesial,121,0,1,0
2025-01-25,M02,Mie Goreng Ayam,90,0,1,0
2025-01-25,M03,Es Teh Manis,197,0,1,0
2025-01-26,M01,Nasi Goreng Spesial,128,0,1,0
2025-01-26,M02,Mie Goreng Ayam,61,1,1,0
2025-01-26,M03,Es Teh Manis,218,0,1,0
2025-01-27,M01,Nasi Goreng Spesial,78,0,0,1
2025-01-27,M02,Mie Goreng Ayam,61,0,0,1
2025-01-27,M03,Es Teh Manis,132,0,0,1
2025-01-28,M01,Nasi Goreng Spesial,94,0,0,0
2025-01-28,M02,Mie Goreng Ayam,64,0,0,0
2025-01-28,M03,Es Teh Manis,108,1,0,0
2025-01-29,M01,Nasi Goreng Spesial,62,1,0,1
2025-01-29,M02,Mie Goreng Ayam,73,0,0,1
2025-01-29,M03,Es Teh Manis,121,0,0,1
2025-01-30,M01,Nasi Goreng Spesial,77,0,0,1
2025-01-30,M02,Mie Goreng Ayam,52,0,0,1
2025-01-30,M03,Es Teh Manis,119,0,0,1
2025-01-31,M01,Nasi Goreng Spesial,101,0,0,0
2025-01-31,M02,Mie Goreng Ayam,72,0,0,0
2025-01-31,M03,Es Teh Manis,153,0,0,0
2025-02-01,M01,Nasi Goreng Spesial,112,0,1,0
2025-02-01,M02,Mie Goreng Ayam,78,0,1,0
2025-02-01,M03,Es Teh Manis,186,0,1,0
2025-02-02,M01,Nasi Goreng Spesial,129,0,1,0
2025-02-02,M02,Mie Goreng Ayam,90,0,1,0
2025-02-02,M03,Es Teh Manis,206,0,1,0
2025-02-03,M01,Nasi Goreng Spesial,98,0,0,1
2025-02-03,M02,Mie Goreng Ayam,48,0,0,1
2025-02-03,M03,Es Teh Manis,129,0,0,1
2025-02-04,M01,Nasi Goreng Spesial,88,0,0,1
2025-02-04,M02,Mie Goreng Ayam,67,0,0,1
2025-02-04,M03,Es Teh Manis,132,0,0,1
2025-02-05,M01,Nasi Goreng Spesial,93,0,0,0
2025-02-05,M02,Mie Goreng Ayam,74,0,0,0
2025-02-05,M03,Es Teh Manis,146,0,0,0
2025-02-06,M01,Nasi Goreng Spesial,91,0,0,0
2025-02-06,M02,Mie Goreng Ayam,70,0,0,0
2025-02-06,M03,Es Teh Manis,162,0,0,0
2025-02-07,M01,Nasi Goreng Spesial,100,0,0,0
2025-02-07,M02,Mie Goreng Ayam,70,0,0,0
2025-02-07,M03,Es Teh Manis,164,0,0,0
2025-02-08,M01,Nasi Goreng Spesial,112,0,1,1
2025-02-08,M02,Mie Goreng Ayam,76,0,1,1
2025-02-08,M03,Es Teh Manis,126,1,1,1
2025-02-09,M01,Nasi Goreng Spesial,131,0,1,0
2025-02-09,M02,Mie Goreng Ayam,95,0,1,0
2025-02-09,M03,Es Teh Manis,191,0,1,0
2025-02-10,M01,Nasi Goreng Spesial,101,0,0,0
2025-02-10,M02,Mie Goreng Ayam,64,0,0,0
2025-02-10,M03,Es Teh Manis,153,0,0,0
2025-02-11,M01,Nasi Goreng Spesial,98,0,0,0
2025-02-11,M02,Mie Goreng Ayam,49,0,0,0
2025-02-11,M03,Es Teh Manis,99,1,0,0
2025-02-12,M01,Nasi Goreng Spesial,95,0,0,0
2025-02-12,M02,Mie Goreng Ayam,74,0,0,0
2025-02-12,M03,Es Teh Manis,144,0,0,0
2025-02-13,M01,Nasi Goreng Spesial,111,0,0,0
2025-02-13,M02,Mie Goreng Ayam,62,1,0,0
2025-02-13,M03,Es Teh Manis,110,1,0,0
2025-02-14,M01,Nasi Goreng Spesial,88,0,0,0
2025-02-14,M02,Mie Goreng Ayam,40,1,0,0
2025-02-14,M03,Es Teh Manis,143,0,0,0
2025-02-15,M01,Nasi Goreng Spesial,103,0,1,1
2025-02-15,M02,Mie Goreng Ayam,70,0,1,1
2025-02-15,M03,Es Teh Manis,175,0,1,1
2025-02-16,M01,Nasi Goreng Spesial,107,0,1,1
2025-02-16,M02,Mie Goreng Ayam,80,0,1,1
2025-02-16,M03,Es Teh Manis,170,0,1,1
2025-02-17,M01,Nasi Goreng Spesial,75,0,0,1
2025-02-17,M02,Mie Goreng Ayam,46,1,0,1
2025-02-17,M03,Es Teh Manis,139,0,0,1
2025-02-18,M01,Nasi Goreng Spesial,104,0,0,0
2025-02-18,M02,Mie Goreng Ayam,63,0,0,0
2025-02-18,M03,Es Teh Manis,168,0,0,0
2025-02-19,M01,Nasi Goreng Spesial,84,0,0,0
2025-02-19,M02,Mie Goreng Ayam,75,0,0,0
2025-02-19,M03,Es Teh Manis,147,0,0,0
2025-02-20,M01,Nasi Goreng Spesial,99,0,0,0
2025-02-20,M02,Mie Goreng Ayam,54,0,0,0
2025-02-20,M03,Es Teh Manis,157,0,0,0
2025-02-21,M01,Nasi Goreng Spesial,84,0,0,1
2025-02-21,M02,Mie Goreng Ayam,53,0,0,1
2025-02-21,M03,Es Teh Manis,151,0,0,1
2025-02-22,M01,Nasi Goreng Spesial,129,0,1,0
2025-02-22,M02,Mie Goreng Ayam,93,0,1,0
2025-02-22,M03,Es Teh Manis,174,0,1,0
2025-02-23,M01,Nasi Goreng Spesial,128,0,1,0
2025-02-23,M02,Mie Goreng Ayam,83,0,1,0
2025-02-23,M03,Es Teh Manis,204,0,1,0
2025-02-24,M01,Nasi Goreng Spesial,106,0,0,0
2025-02-24,M02,Mie Goreng Ayam,83,0,0,0
2025-02-24,M03,Es Teh Manis,119,1,0,0
2025-02-25,M01,Nasi Goreng Spesial,118,0,0,0
2025-02-25,M02,Mie Goreng Ayam,73,0,0,0
2025-02-25,M03,Es Teh Manis,144,0,0,0
2025-02-26,M01,Nasi Goreng Spesial,110,0,0,0
2025-02-26,M02,Mie Goreng Ayam,83,0,0,0
2025-02-26,M03,Es Teh Manis,151,0,0,0
2025-02-27,M01,Nasi Goreng Spesial,96,0,0,0
2025-02-27,M02,Mie Goreng Ayam,72,0,0,0
2025-02-27,M03,Es Teh Manis,139,0,0,0
2025-02-28,M01,Nasi Goreng Spesial,94,0,0,0
2025-02-28,M02,Mie Goreng Ayam,87,0,0,0
2025-02-28,M03,Es Teh Manis,115,1,0,0
2025-03-01,M01,Nasi Goreng Spesial,99,0,1,1
2025-03-01,M02,Mie Goreng Ayam,82,0,1,1
2025-03-01,M03,Es Teh Manis,176,0,1,1
2025-03-02,M01,Nasi Goreng Spesial,109,0,1,1
2025-03-02,M02,Mie Goreng Ayam,48,1,1,1
2025-03-02,M03,Es Teh Manis,151,0,1,1
2025-03-03,M01,Nasi Goreng Spesial,69,0,0,1
2025-03-03,M02,Mie Goreng Ayam,79,0,0,1
2025-03-03,M03,Es Teh Manis,111,0,0,1
2025-03-04,M01,Nasi Goreng Spesial,79,0,0,1
2025-03-04,M02,Mie Goreng Ayam,74,0,0,1
2025-03-04,M03,Es Teh Manis,141,0,0,1
2025-03-05,M01,Nasi Goreng Spesial,88,0,0,1
2025-03-05,M02,Mie Goreng Ayam,56,0,0,1
2025-03-05,M03,Es Teh Manis,125,0,0,1
2025-03-06,M01,Nasi Goreng Spesial,110,0,0,0
2025-03-06,M02,Mie Goreng Ayam,49,1,0,0
2025-03-06,M03,Es Teh Manis,138,0,0,0
2025-03-07,M01,Nasi Goreng Spesial,111,0,0,0
2025-03-07,M02,Mie Goreng Ayam,46,1,0,0
2025-03-07,M03,Es Teh Manis,134,0,0,0
2025-03-08,M01,Nasi Goreng Spesial,127,0,1,0
2025-03-08,M02,Mie Goreng Ayam,100,0,1,0
2025-03-08,M03,Es Teh Manis,190,0,1,0
2025-03-09,M01,Nasi Goreng Spesial,121,0,1,0
2025-03-09,M02,Mie Goreng Ayam,96,0,1,0
2025-03-09,M03,Es Teh Manis,203,0,1,0
2025-03-10,M01,Nasi Goreng Spesial,97,0,0,1
2025-03-10,M02,Mie Goreng Ayam,69,0,0,1
2025-03-10,M03,Es Teh Manis,129,0,0,1
2025-03-11,M01,Nasi Goreng Spesial,75,1,0,0
2025-03-11,M02,Mie Goreng Ayam,63,0,0,0
2025-03-11,M03,Es Teh Manis,111,1,0,0
2025-03-12,M01,Nasi Goreng Spesial,89,0,0,0
2025-03-12,M02,Mie Goreng Ayam,79,0,0,0
2025-03-12,M03,Es Teh Manis,153,0,0,0
2025-03-13,M01,Nasi Goreng Spesial,91,0,0,0
2025-03-13,M02,Mie Goreng Ayam,74,0,0,0
2025-03-13,M03,Es Teh Manis,140,0,0,0
2025-03-14,M01,Nasi Goreng Spesial,91,0,0,1
2025-03-14,M02,Mie Goreng Ayam,53,0,0,1
2025-03-14,M03,Es Teh Manis,146,0,0,1
2025-03-15,M01,Nasi Goreng Spesial,129,0,1,0
2025-03-15,M02,Mie Goreng Ayam,111,0,1,0
2025-03-15,M03,Es Teh Manis,142,1,1,0
2025-03-16,M01,Nasi Goreng Spesial,130,0,1,0
2025-03-16,M02,Mie Goreng Ayam,97,0,1,0
2025-03-16,M03,Es Teh Manis,183,0,1,0
2025-03-17,M01,Nasi Goreng Spesial,110,0,0,0
2025-03-17,M02,Mie Goreng Ayam,67,0,0,0
2025-03-17,M03,Es Teh Manis,155,0,0,0
2025-03-18,M01,Nasi Goreng Spesial,103,0,0,0
2025-03-18,M02,Mie Goreng Ayam,75,0,0,0
2025-03-18,M03,Es Teh Manis,157,0,0,0
2025-03-19,M01,Nasi Goreng Spesial,86,0,0,1
2025-03-19,M02,Mie Goreng Ayam,49,0,0,1
2025-03-19,M03,Es Teh Manis,114,0,0,1
2025-03-20,M01,Nasi Goreng Spesial,83,0,0,0
2025-03-20,M02,Mie Goreng Ayam,63,0,0,0
2025-03-20,M03,Es Teh Manis,136,0,0,0
2025-03-21,M01,Nasi Goreng Spesial,110,0,0,0
2025-03-21,M02,Mie Goreng Ayam,85,0,0,0
2025-03-21,M03,Es Teh Manis,150,0,0,0
2025-03-22,M01,Nasi Goreng Spesial,141,0,1,0
2025-03-22,M02,Mie Goreng Ayam,77,0,1,0
2025-03-22,M03,Es Teh Manis,178,0,1,0
2025-03-23,M01,Nasi Goreng Spesial,136,0,1,0
2025-03-23,M02,Mie Goreng Ayam,72,1,1,0
2025-03-23,M03,Es Teh Manis,144,1,1,0
2025-03-24,M01,Nasi Goreng Spesial,77,1,0,0
2025-03-24,M02,Mie Goreng Ayam,62,0,0,0
2025-03-24,M03,Es Teh Manis,147,0,0,0
2025-03-25,M01,Nasi Goreng Spesial,109,0,0,0
2025-03-25,M02,Mie Goreng Ayam,63,0,0,0
2025-03-25,M03,Es Teh Manis,165,0,0,0
2025-03-26,M01,Nasi Goreng Spesial,107,0,0,0
2025-03-26,M02,Mie Goreng Ayam,75,0,0,0
2025-03-26,M03,Es Teh Manis,140,0,0,0
2025-03-27,M01,Nasi Goreng Spesial,86,0,0,1
2025-03-27,M02,Mie Goreng Ayam,37,1,0,1
2025-03-27,M03,Es Teh Manis,141,0,0,1
2025-03-28,M01,Nasi Goreng Spesial,99,0,0,0
2025-03-28,M02,Mie Goreng Ayam,71,0,0,0
2025-03-28,M03,Es Teh Manis,155,0,0,0
2025-03-29,M01,Nasi Goreng Spesial,134,0,1,0
2025-03-29,M02,Mie Goreng Ayam,78,0,1,0
2025-03-29,M03,Es Teh Manis,192,0,1,0
2025-03-30,M01,Nasi Goreng Spesial,118,0,1,1
2025-03-30,M02,Mie Goreng Ayam,74,0,1,1
2025-03-30,M03,Es Teh Manis,178,0,1,1
2025-03-31,M01,Nasi Goreng Spesial,122,0,0,0
2025-03-31,M02,Mie Goreng Ayam,57,0,0,0
2025-03-31,M03,Es Teh Manis,146,0,0,0
2025-04-01,M01,Nasi Goreng Spesial,104,0,0,0
2025-04-01,M02,Mie Goreng Ayam,79,0,0,0
2025-04-01,M03,Es Teh Manis,172,0,0,0
2025-04-02,M01,Nasi Goreng Spesial,103,0,0,0
2025-04-02,M02,Mie Goreng Ayam,69,0,0,0
2025-04-02,M03,Es Teh Manis,135,0,0,0
2025-04-03,M01,Nasi Goreng Spesial,60,1,0,0
2025-04-03,M02,Mie Goreng Ayam,75,0,0,0
2025-04-03,M03,Es Teh Manis,166,0,0,0
2025-04-04,M01,Nasi Goreng Spesial,88,0,0,0
2025-04-04,M02,Mie Goreng Ayam,62,0,0,0
2025-04-04,M03,Es Teh Manis,142,0,0,0
2025-04-05,M01,Nasi Goreng Spesial,130,0,1,0
2025-04-05,M02,Mie Goreng Ayam,94,0,1,0
2025-04-05,M03,Es Teh Manis,203,0,1,0
2025-04-06,M01,Nasi Goreng Spesial,136,0,1,0
2025-04-06,M02,Mie Goreng Ayam,110,0,1,0
2025-04-06,M03,Es Teh Manis,146,1,1,0
2025-04-07,M01,Nasi Goreng Spesial,93,0,0,0
2025-04-07,M02,Mie Goreng Ayam,71,0,0,0
2025-04-07,M03,Es Teh Manis,135,0,0,0
2025-04-08,M01,Nasi Goreng Spesial,98,0,0,1
2025-04-08,M02,Mie Goreng Ayam,35,1,0,1
2025-04-08,M03,Es Teh Manis,122,0,0,1
2025-04-09,M01,Nasi Goreng Spesial,52,1,0,1
2025-04-09,M02,Mie Goreng Ayam,71,0,0,1
2025-04-09,M03,Es Teh Manis,128,0,0,1
2025-04-10,M01,Nasi Goreng Spesial,94,0,0,0
2025-04-10,M02,Mie Goreng Ayam,73,0,0,0
2025-04-10,M03,Es Teh Manis,139,0,0,0
2025-04-11,M01,Nasi Goreng Spesial,68,1,0,0
2025-04-11,M02,Mie Goreng Ayam,51,0,0,0
2025-04-11,M03,Es Teh Manis,155,0,0,0
2025-04-12,M01,Nasi Goreng Spesial,138,0,1,0
2025-04-12,M02,Mie Goreng Ayam,68,1,1,0
2025-04-12,M03,Es Teh Manis,143,1,1,0
2025-04-13,M01,Nasi Goreng Spesial,134,0,1,0
2025-04-13,M02,Mie Goreng Ayam,100,0,1,0
2025-04-13,M03,Es Teh Manis,192,0,1,0
2025-04-14,M01,Nasi Goreng Spesial,79,0,0,1
2025-04-14,M02,Mie Goreng Ayam,57,0,0,1
2025-04-14,M03,Es Teh Manis,87,1,0,1
2025-04-15,M01,Nasi Goreng Spesial,113,0,0,0
2025-04-15,M02,Mie Goreng Ayam,69,0,0,0
2025-04-15,M03,Es Teh Manis,158,0,0,0
2025-04-16,M01,Nasi Goreng Spesial,74,0,0,0
2025-04-16,M02,Mie Goreng Ayam,70,0,0,0
2025-04-16,M03,Es Teh Manis,155,0,0,0
2025-04-17,M01,Nasi Goreng Spesial,100,0,0,0
2025-04-17,M02,Mie Goreng Ayam,60,0,0,0
2025-04-17,M03,Es Teh Manis,148,0,0,0
2025-04-18,M01,Nasi Goreng Spesial,90,0,0,0
2025-04-18,M02,Mie Goreng Ayam,74,0,0,0
2025-04-18,M03,Es Teh Manis,107,1,0,0
2025-04-19,M01,Nasi Goreng Spesial,129,0,1,0
2025-04-19,M02,Mie Goreng Ayam,84,0,1,0
2025-04-19,M03,Es Teh Manis,191,0,1,0
2025-04-20,M01,Nasi Goreng Spesial,114,0,1,0
2025-04-20,M02,Mie Goreng Ayam,100,0,1,0
2025-04-20,M03,Es Teh Manis,184,0,1,0
2025-04-21,M01,Nasi Goreng Spesial,97,0,0,0
2025-04-21,M02,Mie Goreng Ayam,58,0,0,0
2025-04-21,M03,Es Teh Manis,131,0,0,0
2025-04-22,M01,Nasi Goreng Spesial,84,0,0,1
2025-04-22,M02,Mie Goreng Ayam,57,0,0,1
2025-04-22,M03,Es Teh Manis,136,0,0,1
2025-04-23,M01,Nasi Goreng Spesial,92,0,0,0
2025-04-23,M02,Mie Goreng Ayam,69,0,0,0
2025-04-23,M03,Es Teh Manis,155,0,0,0
2025-04-24,M01,Nasi Goreng Spesial,88,0,0,0
2025-04-24,M02,Mie Goreng Ayam,69,0,0,0
2025-04-24,M03,Es Teh Manis,126,0,0,0
2025-04-25,M01,Nasi Goreng Spesial,95,0,0,0
2025-04-25,M02,Mie Goreng Ayam,63,0,0,0
2025-04-25,M03,Es Teh Manis,160,0,0,0
2025-04-26,M01,Nasi Goreng Spesial,129,0,1,0
2025-04-26,M02,Mie Goreng Ayam,100,0,1,0
2025-04-26,M03,Es Teh Manis,197,0,1,0
2025-04-27,M01,Nasi Goreng Spesial,137,0,1,0
2025-04-27,M02,Mie Goreng Ayam,95,0,1,0
2025-04-27,M03,Es Teh Manis,188,0,1,0
2025-04-28,M01,Nasi Goreng Spesial,102,0,0,0
2025-04-28,M02,Mie Goreng Ayam,65,0,0,0
2025-04-28,M03,Es Teh Manis,141,0,0,0
2025-04-29,M01,Nasi Goreng Spesial,112,0,0,0
2025-04-29,M02,Mie Goreng Ayam,59,0,0,0
2025-04-29,M03,Es Teh Manis,155,0,0,0
2025-04-30,M01,Nasi Goreng Spesial,92,0,0,0
2025-04-30,M02,Mie Goreng Ayam,78,0,0,0
2025-04-30,M03,Es Teh Manis,156,0,0,0
2025-05-01,M01,Nasi Goreng Spesial,113,0,0,0
2025-05-01,M02,Mie Goreng Ayam,83,0,0,0
2025-05-01,M03,Es Teh Manis,155,0,0,0
2025-05-02,M01,Nasi Goreng Spesial,114,0,0,0
2025-05-02,M02,Mie Goreng Ayam,87,0,0,0
2025-05-02,M03,Es Teh Manis,141,0,0,0
2025-05-03,M01,Nasi Goreng Spesial,114,0,1,1
2025-05-03,M02,Mie Goreng Ayam,66,0,1,1
2025-05-03,M03,Es Teh Manis,146,0,1,1
2025-05-04,M01,Nasi Goreng Spesial,105,0,1,1
2025-05-04,M02,Mie Goreng Ayam,74,0,1,1
2025-05-04,M03,Es Teh Manis,152,0,1,1
2025-05-05,M01,Nasi Goreng Spesial,94,0,0,1
2025-05-05,M02,Mie Goreng Ayam,57,0,0,1
2025-05-05,M03,Es Teh Manis,130,0,0,1
2025-05-06,M01,Nasi Goreng Spesial,93,0,0,1
2025-05-06,M02,Mie Goreng Ayam,66,0,0,1
2025-05-06,M03,Es Teh Manis,97,1,0,1
2025-05-07,M01,Nasi Goreng Spesial,100,0,0,0
2025-05-07,M02,Mie Goreng Ayam,73,0,0,0
2025-05-07,M03,Es Teh Manis,143,0,0,0
2025-05-08,M01,Nasi Goreng Spesial,104,0,0,0
2025-05-08,M02,Mie Goreng Ayam,77,0,0,0
2025-05-08,M03,Es Teh Manis,131,0,0,0
2025-05-09,M01,Nasi Goreng Spesial,100,0,0,0
2025-05-09,M02,Mie Goreng Ayam,82,0,0,0
2025-05-09,M03,Es Teh Manis,156,0,0,0
2025-05-10,M01,Nasi Goreng Spesial,103,1,1,0
2025-05-10,M02,Mie Goreng Ayam,81,0,1,0
2025-05-10,M03,Es Teh Manis,207,0,1,0
2025-05-11,M01,Nasi Goreng Spesial,125,0,1,0
2025-05-11,M02,Mie Goreng Ayam,79,0,1,0
2025-05-11,M03,Es Teh Manis,199,0,1,0
2025-05-12,M01,Nasi Goreng Spesial,85,0,0,0
2025-05-12,M02,Mie Goreng Ayam,58,0,0,0
2025-05-12,M03,Es Teh Manis,141,0,0,0
2025-05-13,M01,Nasi Goreng Spesial,64,0,0,1
2025-05-13,M02,Mie Goreng Ayam,45,0,0,1
2025-05-13,M03,Es Teh Manis,109,0,0,1
2025-05-14,M01,Nasi Goreng Spesial,111,0,0,0
2025-05-14,M02,Mie Goreng Ayam,64,0,0,0
2025-05-14,M03,Es Teh Manis,172,0,0,0
2025-05-15,M01,Nasi Goreng Spesial,97,0,0,0
2025-05-15,M02,Mie Goreng Ayam,90,0,0,0
2025-05-15,M03,Es Teh Manis,162,0,0,0
2025-05-16,M01,Nasi Goreng Spesial,99,0,0,0
2025-05-16,M02,Mie Goreng Ayam,83,0,0,0
2025-05-16,M03,Es Teh Manis,161,0,0,0
2025-05-17,M01,Nasi Goreng Spesial,104,0,1,1
2025-05-17,M02,Mie Goreng Ayam,65,0,1,1
2025-05-17,M03,Es Teh Manis,163,0,1,1
2025-05-18,M01,Nasi Goreng Spesial,134,0,1,0
2025-05-18,M02,Mie Goreng Ayam,57,1,1,0
2025-05-18,M03,Es Teh Manis,196,0,1,0
2025-05-19,M01,Nasi Goreng Spesial,105,0,0,0
2025-05-19,M02,Mie Goreng Ayam,67,0,0,0
2025-05-19,M03,Es Teh Manis,140,0,0,0
2025-05-20,M01,Nasi Goreng Spesial,87,0,0,0
2025-05-20,M02,Mie Goreng Ayam,73,0,0,0
2025-05-20,M03,Es Teh Manis,144,0,0,0
2025-05-21,M01,Nasi Goreng Spesial,80,1,0,0
2025-05-21,M02,Mie Goreng Ayam,65,0,0,0
2025-05-21,M03,Es Teh Manis,134,0,0,0
2025-05-22,M01,Nasi Goreng Spesial,98,0,0,0
2025-05-22,M02,Mie Goreng Ayam,83,0,0,0
2025-05-22,M03,Es Teh Manis,152,0,0,0
2025-05-23,M01,Nasi Goreng Spesial,96,0,0,0
2025-05-23,M02,Mie Goreng Ayam,63,0,0,0
2025-05-23,M03,Es Teh Manis,154,0,0,0
2025-05-24,M01,Nasi Goreng Spesial,114,0,1,1
2025-05-24,M02,Mie Goreng Ayam,78,0,1,1
2025-05-24,M03,Es Teh Manis,155,0,1,1
2025-05-25,M01,Nasi Goreng Spesial,101,0,1,1
2025-05-25,M02,Mie Goreng Ayam,86,0,1,1
2025-05-25,M03,Es Teh Manis,157,0,1,1
2025-05-26,M01,Nasi Goreng Spesial,94,0,0,0
2025-05-26,M02,Mie Goreng Ayam,51,1,0,0
2025-05-26,M03,Es Teh Manis,151,0,0,0
2025-05-27,M01,Nasi Goreng Spesial,88,0,0,0
2025-05-27,M02,Mie Goreng Ayam,52,1,0,0
2025-05-27,M03,Es Teh Manis,155,0,0,0
2025-05-28,M01,Nasi Goreng Spesial,81,1,0,0
2025-05-28,M02,Mie Goreng Ayam,60,0,0,0
2025-05-28,M03,Es Teh Manis,138,0,0,0
2025-05-29,M01,Nasi Goreng Spesial,78,1,0,0
2025-05-29,M02,Mie Goreng Ayam,53,0,0,0
2025-05-29,M03,Es Teh Manis,161,0,0,0
2025-05-30,M01,Nasi Goreng Spesial,106,0,0,0
2025-05-30,M02,Mie Goreng Ayam,65,0,0,0
2025-05-30,M03,Es Teh Manis,147,0,0,0
2025-05-31,M01,Nasi Goreng Spesial,131,0,1,0
2025-05-31,M02,Mie Goreng Ayam,80,0,1,0
2025-05-31,M03,Es Teh Manis,123,1,1,0
2025-06-01,M01,Nasi Goreng Spesial,106,0,1,1
2025-06-01,M02,Mie Goreng Ayam,97,0,1,1
2025-06-01,M03,Es Teh Manis,158,0,1,1
2025-06-02,M01,Nasi Goreng Spesial,85,0,0,1
2025-06-02,M02,Mie Goreng Ayam,53,0,0,1
2025-06-02,M03,Es Teh Manis,119,0,0,1
2025-06-03,M01,Nasi Goreng Spesial,70,0,0,1
2025-06-03,M02,Mie Goreng Ayam,60,0,0,1
2025-06-03,M03,Es Teh Manis,123,0,0,1
2025-06-04,M01,Nasi Goreng Spesial,90,0,0,1
2025-06-04,M02,Mie Goreng Ayam,68,0,0,1
2025-06-04,M03,Es Teh Manis,126,0,0,1
2025-06-05,M01,Nasi Goreng Spesial,110,0,0,0
2025-06-05,M02,Mie Goreng Ayam,75,0,0,0
2025-06-05,M03,Es Teh Manis,131,0,0,0
2025-06-06,M01,Nasi Goreng Spesial,102,0,0,0
2025-06-06,M02,Mie Goreng Ayam,48,1,0,0
2025-06-06,M03,Es Teh Manis,162,0,0,0
2025-06-07,M01,Nasi Goreng Spesial,139,0,1,0
2025-06-07,M02,Mie Goreng Ayam,97,0,1,0
2025-06-07,M03,Es Teh Manis,144,1,1,0
2025-06-08,M01,Nasi Goreng Spesial,134,0,1,0
2025-06-08,M02,Mie Goreng Ayam,81,0,1,0
2025-06-08,M03,Es Teh Manis,199,0,1,0
2025-06-09,M01,Nasi Goreng Spesial,101,0,0,0
2025-06-09,M02,Mie Goreng Ayam,54,1,0,0
2025-06-09,M03,Es Teh Manis,152,0,0,0
2025-06-10,M01,Nasi Goreng Spesial,99,0,0,0
2025-06-10,M02,Mie Goreng Ayam,68,0,0,0
2025-06-10,M03,Es Teh Manis,159,0,0,0
2025-06-11,M01,Nasi Goreng Spesial,117,0,0,0
2025-06-11,M02,Mie Goreng Ayam,72,0,0,0
2025-06-11,M03,Es Teh Manis,141,0,0,0
2025-06-12,M01,Nasi Goreng Spesial,90,0,0,1
2025-06-12,M02,Mie Goreng Ayam,49,0,0,1
2025-06-12,M03,Es Teh Manis,138,0,0,1
2025-06-13,M01,Nasi Goreng Spesial,99,0,0,0
2025-06-13,M02,Mie Goreng Ayam,47,0,0,0
2025-06-13,M03,Es Teh Manis,155,0,0,0
2025-06-14,M01,Nasi Goreng Spesial,121,0,1,0
2025-06-14,M02,Mie Goreng Ayam,87,0,1,0
2025-06-14,M03,Es Teh Manis,185,0,1,0
2025-06-15,M01,Nasi Goreng Spesial,114,0,1,0
2025-06-15,M02,Mie Goreng Ayam,103,0,1,0
2025-06-15,M03,Es Teh Manis,195,0,1,0
2025-06-16,M01,Nasi Goreng Spesial,101,0,0,0
2025-06-16,M02,Mie Goreng Ayam,65,0,0,0
2025-06-16,M03,Es Teh Manis,152,0,0,0
2025-06-17,M01,Nasi Goreng Spesial,94,0,0,0
2025-06-17,M02,Mie Goreng Ayam,77,0,0,0
2025-06-17,M03,Es Teh Manis,130,0,0,0
2025-06-18,M01,Nasi Goreng Spesial,101,0,0,0
2025-06-18,M02,Mie Goreng Ayam,75,0,0,0
2025-06-18,M03,Es Teh Manis,151,0,0,0
2025-06-19,M01,Nasi Goreng Spesial,54,1,0,1
2025-06-19,M02,Mie Goreng Ayam,67,0,0,1
2025-06-19,M03,Es Teh Manis,117,0,0,1
2025-06-20,M01,Nasi Goreng Spesial,101,0,0,0
2025-06-20,M02,Mie Goreng Ayam,36,1,0,0
2025-06-20,M03,Es Teh Manis,158,0,0,0
2025-06-21,M01,Nasi Goreng Spesial,127,0,1,0
2025-06-21,M02,Mie Goreng Ayam,95,0,1,0
2025-06-21,M03,Es Teh Manis,196,0,1,0
2025-06-22,M01,Nasi Goreng Spesial,99,1,1,0
2025-06-22,M02,Mie Goreng Ayam,81,0,1,0
2025-06-22,M03,Es Teh Manis,205,0,1,0
2025-06-23,M01,Nasi Goreng Spesial,88,0,0,1
2025-06-23,M02,Mie Goreng Ayam,53,0,0,1
2025-06-23,M03,Es Teh Manis,108,0,0,1
2025-06-24,M01,Nasi Goreng Spesial,97,0,0,0
2025-06-24,M02,Mie Goreng Ayam,79,0,0,0
2025-06-24,M03,Es Teh Manis,167,0,0,0
2025-06-25,M01,Nasi Goreng Spesial,107,0,0,0
2025-06-25,M02,Mie Goreng Ayam,63,0,0,0
2025-06-25,M03,Es Teh Manis,142,0,0,0
2025-06-26,M01,Nasi Goreng Spesial,100,0,0,0
2025-06-26,M02,Mie Goreng Ayam,79,0,0,0
2025-06-26,M03,Es Teh Manis,155,0,0,0
2025-06-27,M01,Nasi Goreng Spesial,81,0,0,0
2025-06-27,M02,Mie Goreng Ayam,63,0,0,0
2025-06-27,M03,Es Teh Manis,158,0,0,0
2025-06-28,M01,Nasi Goreng Spesial,132,0,1,0
2025-06-28,M02,Mie Goreng Ayam,107,0,1,0
2025-06-28,M03,Es Teh Manis,202,0,1,0
2025-06-29,M01,Nasi Goreng Spesial,127,0,1,0
2025-06-29,M02,Mie Goreng Ayam,49,1,1,0
2025-06-29,M03,Es Teh Manis,209,0,1,0
2025-06-30,M01,Nasi Goreng Spesial,106,0,0,0
2025-06-30,M02,Mie Goreng Ayam,62,0,0,0
2025-06-30,M03,Es Teh Manis,136,0,0,0
2025-07-01,M01,Nasi Goreng Spesial,97,0,0,0
2025-07-01,M02,Mie Goreng Ayam,49,0,0,0
2025-07-01,M03,Es Teh Manis,141,0,0,0
2025-07-02,M01,Nasi Goreng Spesial,93,0,0,0
2025-07-02,M02,Mie Goreng Ayam,66,0,0,0
2025-07-02,M03,Es Teh Manis,142,0,0,0
2025-07-03,M01,Nasi Goreng Spesial,103,0,0,0
2025-07-03,M02,Mie Goreng Ayam,68,0,0,0
2025-07-03,M03,Es Teh Manis,141,0,0,0
2025-07-04,M01,Nasi Goreng Spesial,102,0,0,0
2025-07-04,M02,Mie Goreng Ayam,66,1,0,0
2025-07-04,M03,Es Teh Manis,149,0,0,0
2025-07-05,M01,Nasi Goreng Spesial,116,0,1,0
2025-07-05,M02,Mie Goreng Ayam,54,1,1,0
2025-07-05,M03,Es Teh Manis,202,0,1,0
2025-07-06,M01,Nasi Goreng Spesial,93,1,1,1
2025-07-06,M02,Mie Goreng Ayam,72,0,1,1
2025-07-06,M03,Es Teh Manis,167,0,1,1
2025-07-07,M01,Nasi Goreng Spesial,92,0,0,0
2025-07-07,M02,Mie Goreng Ayam,73,0,0,0
2025-07-07,M03,Es Teh Manis,141,0,0,0
2025-07-08,M01,Nasi Goreng Spesial,81,0,0,1
2025-07-08,M02,Mie Goreng Ayam,42,1,0,1
2025-07-08,M03,Es Teh Manis,120,0,0,1
2025-07-09,M01,Nasi Goreng Spesial,111,0,0,0
2025-07-09,M02,Mie Goreng Ayam,52,0,0,0
2025-07-09,M03,Es Teh Manis,152,0,0,0
2025-07-10,M01,Nasi Goreng Spesial,92,0,0,1
2025-07-10,M02,Mie Goreng Ayam,48,0,0,1
2025-07-10,M03,Es Teh Manis,128,0,0,1
2025-07-11,M01,Nasi Goreng Spesial,126,0,0,0
2025-07-11,M02,Mie Goreng Ayam,65,0,0,0
2025-07-11,M03,Es Teh Manis,130,0,0,0
2025-07-12,M01,Nasi Goreng Spesial,137,0,1,0
2025-07-12,M02,Mie Goreng Ayam,84,0,1,0
2025-07-12,M03,Es Teh Manis,212,0,1,0
2025-07-13,M01,Nasi Goreng Spesial,127,0,1,0
2025-07-13,M02,Mie Goreng Ayam,105,0,1,0
2025-07-13,M03,Es Teh Manis,176,0,1,0
2025-07-14,M01,Nasi Goreng Spesial,93,0,0,0
2025-07-14,M02,Mie Goreng Ayam,80,0,0,0
2025-07-14,M03,Es Teh Manis,161,0,0,0
2025-07-15,M01,Nasi Goreng Spesial,90,0,0,0
2025-07-15,M02,Mie Goreng Ayam,65,0,0,0
2025-07-15,M03,Es Teh Manis,135,0,0,0
2025-07-16,M01,Nasi Goreng Spesial,112,0,0,0
2025-07-16,M02,Mie Goreng Ayam,79,0,0,0
2025-07-16,M03,Es Teh Manis,166,0,0,0
2025-07-17,M01,Nasi Goreng Spesial,103,0,0,1
2025-07-17,M02,Mie Goreng Ayam,54,0,0,1
2025-07-17,M03,Es Teh Manis,95,1,0,1
2025-07-18,M01,Nasi Goreng Spesial,95,0,0,0
2025-07-18,M02,Mie Goreng Ayam,69,0,0,0
2025-07-18,M03,Es Teh Manis,146,0,0,0
2025-07-19,M01,Nasi Goreng Spesial,69,1,1,1
2025-07-19,M02,Mie Goreng Ayam,73,0,1,1
2025-07-19,M03,Es Teh Manis,164,0,1,1
2025-07-20,M01,Nasi Goreng Spesial,132,0,1,0
2025-07-20,M02,Mie Goreng Ayam,89,0,1,0
2025-07-20,M03,Es Teh Manis,199,0,1,0
2025-07-21,M01,Nasi Goreng Spesial,101,0,0,0
2025-07-21,M02,Mie Goreng Ayam,58,0,0,0
2025-07-21,M03,Es Teh Manis,147,0,0,0
2025-07-22,M01,Nasi Goreng Spesial,112,0,0,0
2025-07-22,M02,Mie Goreng Ayam,68,0,0,0
2025-07-22,M03,Es Teh Manis,108,1,0,0
2025-07-23,M01,Nasi Goreng Spesial,109,0,0,0
2025-07-23,M02,Mie Goreng Ayam,51,0,0,0
2025-07-23,M03,Es Teh Manis,147,0,0,0
2025-07-24,M01,Nasi Goreng Spesial,108,0,0,1
2025-07-24,M02,Mie Goreng Ayam,70,0,0,1
2025-07-24,M03,Es Teh Manis,147,0,0,1
2025-07-25,M01,Nasi Goreng Spesial,99,0,0,0
2025-07-25,M02,Mie Goreng Ayam,64,0,0,0
2025-07-25,M03,Es Teh Manis,152,0,0,0
2025-07-26,M01,Nasi Goreng Spesial,147,0,1,0
2025-07-26,M02,Mie Goreng Ayam,93,0,1,0
2025-07-26,M03,Es Teh Manis,191,0,1,0
2025-07-27,M01,Nasi Goreng Spesial,81,1,1,1
2025-07-27,M02,Mie Goreng Ayam,65,0,1,1
2025-07-27,M03,Es Teh Manis,168,0,1,1
2025-07-28,M01,Nasi Goreng Spesial,110,0,0,0
2025-07-28,M02,Mie Goreng Ayam,64,0,0,0
2025-07-28,M03,Es Teh Manis,163,0,0,0
2025-07-29,M01,Nasi Goreng Spesial,111,0,0,0
2025-07-29,M02,Mie Goreng Ayam,66,0,0,0
2025-07-29,M03,Es Teh Manis,161,0,0,0
2025-07-30,M01,Nasi Goreng Spesial,97,0,0,0
2025-07-30,M02,Mie Goreng Ayam,75,0,0,0
2025-07-30,M03,Es Teh Manis,90,1,0,0
2025-07-31,M01,Nasi Goreng Spesial,119,0,0,0
2025-07-31,M02,Mie Goreng Ayam,67,0,0,0
2025-07-31,M03,Es Teh Manis,145,0,0,0
2025-08-01,M01,Nasi Goreng Spesial,77,0,0,1
2025-08-01,M02,Mie Goreng Ayam,69,0,0,1
2025-08-01,M03,Es Teh Manis,132,0,0,1
2025-08-02,M01,Nasi Goreng Spesial,115,0,1,1
2025-08-02,M02,Mie Goreng Ayam,84,0,1,1
2025-08-02,M03,Es Teh Manis,172,0,1,1
2025-08-03,M01,Nasi Goreng Spesial,122,0,1,1
2025-08-03,M02,Mie Goreng Ayam,77,0,1,1
2025-08-03,M03,Es Teh Manis,156,0,1,1
2025-08-04,M01,Nasi Goreng Spesial,98,0,0,0
2025-08-04,M02,Mie Goreng Ayam,64,0,0,0
2025-08-04,M03,Es Teh Manis,150,0,0,0
2025-08-05,M01,Nasi Goreng Spesial,106,0,0,0
2025-08-05,M02,Mie Goreng Ayam,76,0,0,0
2025-08-05,M03,Es Teh Manis,159,0,0,0
2025-08-06,M01,Nasi Goreng Spesial,90,0,0,0
2025-08-06,M02,Mie Goreng Ayam,62,0,0,0
2025-08-06,M03,Es Teh Manis,111,1,0,0
2025-08-07,M01,Nasi Goreng Spesial,107,0,0,0
2025-08-07,M02,Mie Goreng Ayam,57,1,0,0
2025-08-07,M03,Es Teh Manis,137,0,0,0
2025-08-08,M01,Nasi Goreng Spesial,91,0,0,0
2025-08-08,M02,Mie Goreng Ayam,73,0,0,0
2025-08-08,M03,Es Teh Manis,171,0,0,0
2025-08-09,M01,Nasi Goreng Spesial,117,0,1,0
2025-08-09,M02,Mie Goreng Ayam,99,0,1,0
2025-08-09,M03,Es Teh Manis,185,0,1,0
2025-08-10,M01,Nasi Goreng Spesial,118,0,1,0
2025-08-10,M02,Mie Goreng Ayam,91,0,1,0
2025-08-10,M03,Es Teh Manis,176,0,1,0
2025-08-11,M01,Nasi Goreng Spesial,99,0,0,0
2025-08-11,M02,Mie Goreng Ayam,61,0,0,0
2025-08-11,M03,Es Teh Manis,161,0,0,0
2025-08-12,M01,Nasi Goreng Spesial,109,0,0,0
2025-08-12,M02,Mie Goreng Ayam,59,0,0,0
2025-08-12,M03,Es Teh Manis,141,0,0,0
2025-08-13,M01,Nasi Goreng Spesial,111,0,0,0
2025-08-13,M02,Mie Goreng Ayam,65,0,0,0
2025-08-13,M03,Es Teh Manis,158,0,0,0
2025-08-14,M01,Nasi Goreng Spesial,72,1,0,0
2025-08-14,M02,Mie Goreng Ayam,77,0,0,0
2025-08-14,M03,Es Teh Manis,149,0,0,0
2025-08-15,M01,Nasi Goreng Spesial,119,0,0,0
2025-08-15,M02,Mie Goreng Ayam,59,1,0,0
2025-08-15,M03,Es Teh Manis,162,0,0,0
2025-08-16,M01,Nasi Goreng Spesial,99,0,1,1
2025-08-16,M02,Mie Goreng Ayam,87,0,1,1
2025-08-16,M03,Es Teh Manis,161,0,1,1
2025-08-17,M01,Nasi Goreng Spesial,111,0,1,1
2025-08-17,M02,Mie Goreng Ayam,62,0,1,1
2025-08-17,M03,Es Teh Manis,142,0,1,1
2025-08-18,M01,Nasi Goreng Spesial,112,0,0,0
2025-08-18,M02,Mie Goreng Ayam,66,0,0,0
2025-08-18,M03,Es Teh Manis,146,0,0,0
2025-08-19,M01,Nasi Goreng Spesial,121,0,0,0
2025-08-19,M02,Mie Goreng Ayam,54,0,0,0
2025-08-19,M03,Es Teh Manis,158,0,0,0
2025-08-20,M01,Nasi Goreng Spesial,95,0,0,1
2025-08-20,M02,Mie Goreng Ayam,45,0,0,1
2025-08-20,M03,Es Teh Manis,129,0,0,1
2025-08-21,M01,Nasi Goreng Spesial,98,0,0,0
2025-08-21,M02,Mie Goreng Ayam,70,0,0,0
2025-08-21,M03,Es Teh Manis,139,0,0,0
2025-08-22,M01,Nasi Goreng Spesial,84,0,0,0
2025-08-22,M02,Mie Goreng Ayam,58,0,0,0
2025-08-22,M03,Es Teh Manis,147,0,0,0
2025-08-23,M01,Nasi Goreng Spesial,103,0,1,0
2025-08-23,M02,Mie Goreng Ayam,67,1,1,0
2025-08-23,M03,Es Teh Manis,192,0,1,0
2025-08-24,M01,Nasi Goreng Spesial,140,0,1,0
2025-08-24,M02,Mie Goreng Ayam,83,0,1,0
2025-08-24,M03,Es Teh Manis,192,0,1,0
2025-08-25,M01,Nasi Goreng Spesial,101,0,0,0
2025-08-25,M02,Mie Goreng Ayam,71,0,0,0
2025-08-25,M03,Es Teh Manis,165,0,0,0
2025-08-26,M01,Nasi Goreng Spesial,81,1,0,0
2025-08-26,M02,Mie Goreng Ayam,56,0,0,0
2025-08-26,M03,Es Teh Manis,156,0,0,0
2025-08-27,M01,Nasi Goreng Spesial,106,0,0,0
2025-08-27,M02,Mie Goreng Ayam,68,0,0,0
2025-08-27,M03,Es Teh Manis,133,0,0,0
2025-08-28,M01,Nasi Goreng Spesial,105,0,0,0
2025-08-28,M02,Mie Goreng Ayam,70,0,0,0
2025-08-28,M03,Es Teh Manis,143,0,0,0
2025-08-29,M01,Nasi Goreng Spesial,94,0,0,0
2025-08-29,M02,Mie Goreng Ayam,58,0,0,0
2025-08-29,M03,Es Teh Manis,152,0,0,0
2025-08-30,M01,Nasi Goreng Spesial,118,0,1,0
2025-08-30,M02,Mie Goreng Ayam,74,1,1,0
2025-08-30,M03,Es Teh Manis,192,0,1,0
2025-08-31,M01,Nasi Goreng Spesial,92,0,1,1
2025-08-31,M02,Mie Goreng Ayam,68,0,1,1
2025-08-31,M03,Es Teh Manis,139,1,1,1
2025-09-01,M01,Nasi Goreng Spesial,100,0,0,0
2025-09-01,M02,Mie Goreng Ayam,53,0,0,0
2025-09-01,M03,Es Teh Manis,158,0,0,0
2025-09-02,M01,Nasi Goreng Spesial,93,0,0,0
2025-09-02,M02,Mie Goreng Ayam,55,0,0,0
2025-09-02,M03,Es Teh Manis,147,0,0,0
2025-09-03,M01,Nasi Goreng Spesial,89,0,0,1
2025-09-03,M02,Mie Goreng Ayam,47,1,0,1
2025-09-03,M03,Es Teh Manis,127,0,0,1
2025-09-04,M01,Nasi Goreng Spesial,103,0,0,0
2025-09-04,M02,Mie Goreng Ayam,53,1,0,0
2025-09-04,M03,Es Teh Manis,143,0,0,0
2025-09-05,M01,Nasi Goreng Spesial,63,1,0,1
2025-09-05,M02,Mie Goreng Ayam,65,0,0,1
2025-09-05,M03,Es Teh Manis,126,0,0,1
2025-09-06,M01,Nasi Goreng Spesial,117,0,1,0
2025-09-06,M02,Mie Goreng Ayam,81,0,1,0
2025-09-06,M03,Es Teh Manis,199,0,1,0
2025-09-07,M01,Nasi Goreng Spesial,136,0,1,0
2025-09-07,M02,Mie Goreng Ayam,88,0,1,0
2025-09-07,M03,Es Teh Manis,188,0,1,0
2025-09-08,M01,Nasi Goreng Spesial,74,0,0,1
2025-09-08,M02,Mie Goreng Ayam,55,0,0,1
2025-09-08,M03,Es Teh Manis,126,0,0,1
2025-09-09,M01,Nasi Goreng Spesial,69,1,0,0
2025-09-09,M02,Mie Goreng Ayam,40,1,0,0
2025-09-09,M03,Es Teh Manis,136,0,0,0
2025-09-10,M01,Nasi Goreng Spesial,51,1,0,1
2025-09-10,M02,Mie Goreng Ayam,40,0,0,1
2025-09-10,M03,Es Teh Manis,137,0,0,1
2025-09-11,M01,Nasi Goreng Spesial,113,0,0,0
2025-09-11,M02,Mie Goreng Ayam,57,0,0,0
2025-09-11,M03,Es Teh Manis,134,0,0,0
2025-09-12,M01,Nasi Goreng Spesial,100,0,0,0
2025-09-12,M02,Mie Goreng Ayam,48,1,0,0
2025-09-12,M03,Es Teh Manis,156,0,0,0
2025-09-13,M01,Nasi Goreng Spesial,135,0,1,0
2025-09-13,M02,Mie Goreng Ayam,117,0,1,0
2025-09-13,M03,Es Teh Manis,151,1,1,0
2025-09-14,M01,Nasi Goreng Spesial,107,0,1,1
2025-09-14,M02,Mie Goreng Ayam,76,0,1,1
2025-09-14,M03,Es Teh Manis,180,0,1,1
2025-09-15,M01,Nasi Goreng Spesial,94,0,0,0
2025-09-15,M02,Mie Goreng Ayam,59,0,0,0
2025-09-15,M03,Es Teh Manis,150,0,0,0
2025-09-16,M01,Nasi Goreng Spesial,92,0,0,1
2025-09-16,M02,Mie Goreng Ayam,71,0,0,1
2025-09-16,M03,Es Teh Manis,116,0,0,1
2025-09-17,M01,Nasi Goreng Spesial,101,0,0,0
2025-09-17,M02,Mie Goreng Ayam,80,0,0,0
2025-09-17,M03,Es Teh Manis,156,0,0,0
2025-09-18,M01,Nasi Goreng Spesial,59,0,0,1
2025-09-18,M02,Mie Goreng Ayam,48,0,0,1
2025-09-18,M03,Es Teh Manis,116,0,0,1
2025-09-19,M01,Nasi Goreng Spesial,97,0,0,1
2025-09-19,M02,Mie Goreng Ayam,67,0,0,1
2025-09-19,M03,Es Teh Manis,116,0,0,1
2025-09-20,M01,Nasi Goreng Spesial,98,0,1,1
2025-09-20,M02,Mie Goreng Ayam,85,0,1,1
2025-09-20,M03,Es Teh Manis,122,1,1,1
2025-09-21,M01,Nasi Goreng Spesial,125,0,1,1
2025-09-21,M02,Mie Goreng Ayam,60,0,1,1
2025-09-21,M03,Es Teh Manis,183,0,1,1
2025-09-22,M01,Nasi Goreng Spesial,88,0,0,1
2025-09-22,M02,Mie Goreng Ayam,66,0,0,1
2025-09-22,M03,Es Teh Manis,112,0,0,1
2025-09-23,M01,Nasi Goreng Spesial,85,0,0,1
2025-09-23,M02,Mie Goreng Ayam,49,0,0,1
2025-09-23,M03,Es Teh Manis,138,0,0,1
2025-09-24,M01,Nasi Goreng Spesial,94,0,0,1
2025-09-24,M02,Mie Goreng Ayam,66,0,0,1
2025-09-24,M03,Es Teh Manis,131,0,0,1
2025-09-25,M01,Nasi Goreng Spesial,65,1,0,0
2025-09-25,M02,Mie Goreng Ayam,57,0,0,0
2025-09-25,M03,Es Teh Manis,160,0,0,0
2025-09-26,M01,Nasi Goreng Spesial,94,0,0,1
2025-09-26,M02,Mie Goreng Ayam,48,0,0,1
2025-09-26,M03,Es Teh Manis,123,0,0,1
2025-09-27,M01,Nasi Goreng Spesial,129,0,1,0
2025-09-27,M02,Mie Goreng Ayam,95,0,1,0
2025-09-27,M03,Es Teh Manis,147,1,1,0
2025-09-28,M01,Nasi Goreng Spesial,143,0,1,0
2025-09-28,M02,Mie Goreng Ayam,97,0,1,0
2025-09-28,M03,Es Teh Manis,199,0,1,0
2025-09-29,M01,Nasi Goreng Spesial,90,0,0,0
2025-09-29,M02,Mie Goreng Ayam,67,0,0,0
2025-09-29,M03,Es Teh Manis,138,0,0,0
2025-09-30,M01,Nasi Goreng Spesial,89,0,0,0
2025-09-30,M02,Mie Goreng Ayam,76,0,0,0
2025-09-30,M03,Es Teh Manis,136,0,0,0
2025-10-01,M01,Nasi Goreng Spesial,85,0,0,1
2025-10-01,M02,Mie Goreng Ayam,53,0,0,1
2025-10-01,M03,Es Teh Manis,139,0,0,1
2025-10-02,M01,Nasi Goreng Spesial,69,0,0,1
2025-10-02,M02,Mie Goreng Ayam,54,0,0,1
2025-10-02,M03,Es Teh Manis,110,0,0,1
2025-10-03,M01,Nasi Goreng Spesial,105,0,0,0
2025-10-03,M02,Mie Goreng Ayam,68,0,0,0
2025-10-03,M03,Es Teh Manis,138,0,0,0
2025-10-04,M01,Nasi Goreng Spesial,115,0,1,1
2025-10-04,M02,Mie Goreng Ayam,67,0,1,1
2025-10-04,M03,Es Teh Manis,117,1,1,1
2025-10-05,M01,Nasi Goreng Spesial,87,1,1,0
2025-10-05,M02,Mie Goreng Ayam,91,0,1,0
2025-10-05,M03,Es Teh Manis,210,0,1,0
2025-10-06,M01,Nasi Goreng Spesial,93,0,0,0
2025-10-06,M02,Mie Goreng Ayam,55,0,0,0
2025-10-06,M03,Es Teh Manis,143,0,0,0
2025-10-07,M01,Nasi Goreng Spesial,81,1,0,0
2025-10-07,M02,Mie Goreng Ayam,57,0,0,0
2025-10-07,M03,Es Teh Manis,149,0,0,0
2025-10-08,M01,Nasi Goreng Spesial,101,0,0,0
2025-10-08,M02,Mie Goreng Ayam,57,0,0,0
2025-10-08,M03,Es Teh Manis,118,1,0,0
2025-10-09,M01,Nasi Goreng Spesial,111,0,0,0
2025-10-09,M02,Mie Goreng Ayam,80,0,0,0
2025-10-09,M03,Es Teh Manis,156,0,0,0
2025-10-10,M01,Nasi Goreng Spesial,69,0,0,1
2025-10-10,M02,Mie Goreng Ayam,65,0,0,1
2025-10-10,M03,Es Teh Manis,130,0,0,1
2025-10-11,M01,Nasi Goreng Spesial,101,0,1,1
2025-10-11,M02,Mie Goreng Ayam,94,0,1,1
2025-10-11,M03,Es Teh Manis,121,1,1,1
2025-10-12,M01,Nasi Goreng Spesial,113,0,1,0
2025-10-12,M02,Mie Goreng Ayam,72,1,1,0
2025-10-12,M03,Es Teh Manis,184,0,1,0
2025-10-13,M01,Nasi Goreng Spesial,91,0,0,0
2025-10-13,M02,Mie Goreng Ayam,51,1,0,0
2025-10-13,M03,Es Teh Manis,133,0,0,0
2025-10-14,M01,Nasi Goreng Spesial,80,0,0,1
2025-10-14,M02,Mie Goreng Ayam,76,0,0,1
2025-10-14,M03,Es Teh Manis,141,0,0,1
2025-10-15,M01,Nasi Goreng Spesial,88,0,0,1
2025-10-15,M02,Mie Goreng Ayam,65,0,0,1
2025-10-15,M03,Es Teh Manis,120,0,0,1
2025-10-16,M01,Nasi Goreng Spesial,91,0,0,0
2025-10-16,M02,Mie Goreng Ayam,76,0,0,0
2025-10-16,M03,Es Teh Manis,164,0,0,0
2025-10-17,M01,Nasi Goreng Spesial,89,0,0,1
2025-10-17,M02,Mie Goreng Ayam,48,1,0,1
2025-10-17,M03,Es Teh Manis,113,0,0,1
2025-10-18,M01,Nasi Goreng Spesial,112,0,1,1
2025-10-18,M02,Mie Goreng Ayam,69,0,1,1
2025-10-18,M03,Es Teh Manis,124,1,1,1
2025-10-19,M01,Nasi Goreng Spesial,112,0,1,0
2025-10-19,M02,Mie Goreng Ayam,93,0,1,0
2025-10-19,M03,Es Teh Manis,206,0,1,0
2025-10-20,M01,Nasi Goreng Spesial,106,0,0,0
2025-10-20,M02,Mie Goreng Ayam,63,0,0,0
2025-10-20,M03,Es Teh Manis,167,0,0,0
2025-10-21,M01,Nasi Goreng Spesial,80,0,0,1
2025-10-21,M02,Mie Goreng Ayam,41,0,0,1
2025-10-21,M03,Es Teh Manis,120,0,0,1
2025-10-22,M01,Nasi Goreng Spesial,85,0,0,1
2025-10-22,M02,Mie Goreng Ayam,54,0,0,1
2025-10-22,M03,Es Teh Manis,141,0,0,1
2025-10-23,M01,Nasi Goreng Spesial,105,0,0,0
2025-10-23,M02,Mie Goreng Ayam,59,0,0,0
2025-10-23,M03,Es Teh Manis,143,0,0,0
2025-10-24,M01,Nasi Goreng Spesial,103,0,0,0
2025-10-24,M02,Mie Goreng Ayam,99,0,0,0
2025-10-24,M03,Es Teh Manis,162,0,0,0
2025-10-25,M01,Nasi Goreng Spesial,77,1,1,1
2025-10-25,M02,Mie Goreng Ayam,65,1,1,1
2025-10-25,M03,Es Teh Manis,154,0,1,1
2025-10-26,M01,Nasi Goreng Spesial,96,0,1,1
2025-10-26,M02,Mie Goreng Ayam,75,0,1,1
2025-10-26,M03,Es Teh Manis,157,0,1,1
2025-10-27,M01,Nasi Goreng Spesial,104,0,0,0
2025-10-27,M02,Mie Goreng Ayam,78,0,0,0
2025-10-27,M03,Es Teh Manis,146,0,0,0
2025-10-28,M01,Nasi Goreng Spesial,115,0,0,0
2025-10-28,M02,Mie Goreng Ayam,75,0,0,0
2025-10-28,M03,Es Teh Manis,140,0,0,0
2025-10-29,M01,Nasi Goreng Spesial,101,0,0,0
2025-10-29,M02,Mie Goreng Ayam,87,0,0,0
2025-10-29,M03,Es Teh Manis,147,0,0,0
2025-10-30,M01,Nasi Goreng Spesial,104,0,0,0
2025-10-30,M02,Mie Goreng Ayam,94,0,0,0
2025-10-30,M03,Es Teh Manis,154,0,0,0
2025-10-31,M01,Nasi Goreng Spesial,69,1,0,0
2025-10-31,M02,Mie Goreng Ayam,63,0,0,0
2025-10-31,M03,Es Teh Manis,129,0,0,0
2025-11-01,M01,Nasi Goreng Spesial,144,0,1,0
2025-11-01,M02,Mie Goreng Ayam,82,0,1,0
2025-11-01,M03,Es Teh Manis,200,0,1,0
2025-11-02,M01,Nasi Goreng Spesial,115,0,1,1
2025-11-02,M02,Mie Goreng Ayam,99,0,1,1
2025-11-02,M03,Es Teh Manis,162,0,1,1
2025-11-03,M01,Nasi Goreng Spesial,92,0,0,0
2025-11-03,M02,Mie Goreng Ayam,78,0,0,0
2025-11-03,M03,Es Teh Manis,147,0,0,0
2025-11-04,M01,Nasi Goreng Spesial,99,0,0,0
2025-11-04,M02,Mie Goreng Ayam,62,0,0,0
2025-11-04,M03,Es Teh Manis,139,0,0,0
2025-11-05,M01,Nasi Goreng Spesial,93,0,0,1
2025-11-05,M02,Mie Goreng Ayam,63,0,0,1
2025-11-05,M03,Es Teh Manis,131,0,0,1
2025-11-06,M01,Nasi Goreng Spesial,97,0,0,0
2025-11-06,M02,Mie Goreng Ayam,84,0,0,0
2025-11-06,M03,Es Teh Manis,149,0,0,0
2025-11-07,M01,Nasi Goreng Spesial,110,0,0,0
2025-11-07,M02,Mie Goreng Ayam,69,0,0,0
2025-11-07,M03,Es Teh Manis,150,0,0,0
2025-11-08,M01,Nasi Goreng Spesial,134,0,1,0
2025-11-08,M02,Mie Goreng Ayam,91,0,1,0
2025-11-08,M03,Es Teh Manis,193,0,1,0
2025-11-09,M01,Nasi Goreng Spesial,92,1,1,0
2025-11-09,M02,Mie Goreng Ayam,72,0,1,0
2025-11-09,M03,Es Teh Manis,201,0,1,0
2025-11-10,M01,Nasi Goreng Spesial,98,0,0,0
2025-11-10,M02,Mie Goreng Ayam,63,0,0,0
2025-11-10,M03,Es Teh Manis,162,0,0,0
2025-11-11,M01,Nasi Goreng Spesial,109,0,0,0
2025-11-11,M02,Mie Goreng Ayam,67,0,0,0
2025-11-11,M03,Es Teh Manis,149,0,0,0
2025-11-12,M01,Nasi Goreng Spesial,113,0,0,0
2025-11-12,M02,Mie Goreng Ayam,74,0,0,0
2025-11-12,M03,Es Teh Manis,138,0,0,0
2025-11-13,M01,Nasi Goreng Spesial,100,0,0,0
2025-11-13,M02,Mie Goreng Ayam,65,0,0,0
2025-11-13,M03,Es Teh Manis,145,0,0,0
2025-11-14,M01,Nasi Goreng Spesial,90,0,0,1
2025-11-14,M02,Mie Goreng Ayam,73,0,0,1
2025-11-14,M03,Es Teh Manis,146,0,0,1
2025-11-15,M01,Nasi Goreng Spesial,141,0,1,0
2025-11-15,M02,Mie Goreng Ayam,82,0,1,0
2025-11-15,M03,Es Teh Manis,188,0,1,0
2025-11-16,M01,Nasi Goreng Spesial,138,0,1,0
2025-11-16,M02,Mie Goreng Ayam,89,0,1,0
2025-11-16,M03,Es Teh Manis,197,0,1,0
2025-11-17,M01,Nasi Goreng Spesial,80,0,0,1
2025-11-17,M02,Mie Goreng Ayam,52,0,0,1
2025-11-17,M03,Es Teh Manis,136,0,0,1
2025-11-18,M01,Nasi Goreng Spesial,70,0,0,1
2025-11-18,M02,Mie Goreng Ayam,70,0,0,1
2025-11-18,M03,Es Teh Manis,117,0,0,1
2025-11-19,M01,Nasi Goreng Spesial,107,0,0,0
2025-11-19,M02,Mie Goreng Ayam,75,0,0,0
2025-11-19,M03,Es Teh Manis,156,0,0,0
2025-11-20,M01,Nasi Goreng Spesial,90,0,0,0
2025-11-20,M02,Mie Goreng Ayam,84,0,0,0
2025-11-20,M03,Es Teh Manis,146,0,0,0
2025-11-21,M01,Nasi Goreng Spesial,104,0,0,0
2025-11-21,M02,Mie Goreng Ayam,76,0,0,0
2025-11-21,M03,Es Teh Manis,146,0,0,0
2025-11-22,M01,Nasi Goreng Spesial,105,0,1,1
2025-11-22,M02,Mie Goreng Ayam,83,0,1,1
2025-11-22,M03,Es Teh Manis,177,0,1,1
2025-11-23,M01,Nasi Goreng Spesial,76,1,1,1
2025-11-23,M02,Mie Goreng Ayam,67,0,1,1
2025-11-23,M03,Es Teh Manis,163,0,1,1
2025-11-24,M01,Nasi Goreng Spesial,66,0,0,1
2025-11-24,M02,Mie Goreng Ayam,65,0,0,1
2025-11-24,M03,Es Teh Manis,140,0,0,1
2025-11-25,M01,Nasi Goreng Spesial,91,0,0,1
2025-11-25,M02,Mie Goreng Ayam,79,0,0,1
2025-11-25,M03,Es Teh Manis,137,0,0,1
2025-11-26,M01,Nasi Goreng Spesial,117,0,0,0
2025-11-26,M02,Mie Goreng Ayam,65,0,0,0
2025-11-26,M03,Es Teh Manis,117,1,0,0
2025-11-27,M01,Nasi Goreng Spesial,101,0,0,0
2025-11-27,M02,Mie Goreng Ayam,76,0,0,0
2025-11-27,M03,Es Teh Manis,158,0,0,0
2025-11-28,M01,Nasi Goreng Spesial,111,0,0,0
2025-11-28,M02,Mie Goreng Ayam,60,1,0,0
2025-11-28,M03,Es Teh Manis,150,0,0,0
2025-11-29,M01,Nasi Goreng Spesial,117,0,1,0
2025-11-29,M02,Mie Goreng Ayam,83,0,1,0
2025-11-29,M03,Es Teh Manis,190,0,1,0
2025-11-30,M01,Nasi Goreng Spesial,126,0,1,0
2025-11-30,M02,Mie Goreng Ayam,109,0,1,0
2025-11-30,M03,Es Teh Manis,200,0,1,0
2025-12-01,M01,Nasi Goreng Spesial,98,0,0,1
2025-12-01,M02,Mie Goreng Ayam,59,0,0,1
2025-12-01,M03,Es Teh Manis,133,0,0,1
2025-12-02,M01,Nasi Goreng Spesial,62,1,0,0
2025-12-02,M02,Mie Goreng Ayam,75,0,0,0
2025-12-02,M03,Es Teh Manis,132,0,0,0
2025-12-03,M01,Nasi Goreng Spesial,111,0,0,0
2025-12-03,M02,Mie Goreng Ayam,71,0,0,0
2025-12-03,M03,Es Teh Manis,142,0,0,0
2025-12-04,M01,Nasi Goreng Spesial,104,0,0,0
2025-12-04,M02,Mie Goreng Ayam,66,0,0,0
2025-12-04,M03,Es Teh Manis,141,0,0,0
2025-12-05,M01,Nasi Goreng Spesial,94,0,0,1
2025-12-05,M02,Mie Goreng Ayam,46,1,0,1
2025-12-05,M03,Es Teh Manis,135,0,0,1
2025-12-06,M01,Nasi Goreng Spesial,108,0,1,1
2025-12-06,M02,Mie Goreng Ayam,54,1,1,1
2025-12-06,M03,Es Teh Manis,126,1,1,1
2025-12-07,M01,Nasi Goreng Spesial,133,0,1,0
2025-12-07,M02,Mie Goreng Ayam,89,0,1,0
2025-12-07,M03,Es Teh Manis,179,0,1,0
2025-12-08,M01,Nasi Goreng Spesial,82,0,0,0
2025-12-08,M02,Mie Goreng Ayam,65,0,0,0
2025-12-08,M03,Es Teh Manis,139,0,0,0
2025-12-09,M01,Nasi Goreng Spesial,92,0,0,0
2025-12-09,M02,Mie Goreng Ayam,65,0,0,0
2025-12-09,M03,Es Teh Manis,151,0,0,0
2025-12-10,M01,Nasi Goreng Spesial,108,0,0,0
2025-12-10,M02,Mie Goreng Ayam,66,0,0,0
2025-12-10,M03,Es Teh Manis,130,0,0,0
2025-12-11,M01,Nasi Goreng Spesial,83,0,0,1
2025-12-11,M02,Mie Goreng Ayam,61,0,0,1
2025-12-11,M03,Es Teh Manis,154,0,0,1
2025-12-12,M01,Nasi Goreng Spesial,91,0,0,0
2025-12-12,M02,Mie Goreng Ayam,69,0,0,0
2025-12-12,M03,Es Teh Manis,138,0,0,0
2025-12-13,M01,Nasi Goreng Spesial,106,0,1,0
2025-12-13,M02,Mie Goreng Ayam,95,0,1,0
2025-12-13,M03,Es Teh Manis,198,0,1,0
2025-12-14,M01,Nasi Goreng Spesial,98,0,1,1
2025-12-14,M02,Mie Goreng Ayam,72,0,1,1
2025-12-14,M03,Es Teh Manis,132,0,1,1
2025-12-15,M01,Nasi Goreng Spesial,85,0,0,0
2025-12-15,M02,Mie Goreng Ayam,52,0,0,0
2025-12-15,M03,Es Teh Manis,140,0,0,0
2025-12-16,M01,Nasi Goreng Spesial,102,0,0,0
2025-12-16,M02,Mie Goreng Ayam,57,0,0,0
2025-12-16,M03,Es Teh Manis,137,0,0,0
2025-12-17,M01,Nasi Goreng Spesial,106,0,0,0
2025-12-17,M02,Mie Goreng Ayam,72,0,0,0
2025-12-17,M03,Es Teh Manis,139,0,0,0
2025-12-18,M01,Nasi Goreng Spesial,104,0,0,0
2025-12-18,M02,Mie Goreng Ayam,48,1,0,0
2025-12-18,M03,Es Teh Manis,150,0,0,0
2025-12-19,M01,Nasi Goreng Spesial,104,0,0,0
2025-12-19,M02,Mie Goreng Ayam,62,0,0,0
2025-12-19,M03,Es Teh Manis,147,0,0,0
2025-12-20,M01,Nasi Goreng Spesial,115,0,1,1
2025-12-20,M02,Mie Goreng Ayam,67,0,1,1
2025-12-20,M03,Es Teh Manis,162,0,1,1
2025-12-21,M01,Nasi Goreng Spesial,135,0,1,0
2025-12-21,M02,Mie Goreng Ayam,96,0,1,0
2025-12-21,M03,Es Teh Manis,207,0,1,0
2025-12-22,M01,Nasi Goreng Spesial,92,0,0,0
2025-12-22,M02,Mie Goreng Ayam,50,1,0,0
2025-12-22,M03,Es Teh Manis,107,1,0,0
2025-12-23,M01,Nasi Goreng Spesial,92,0,0,0
2025-12-23,M02,Mie Goreng Ayam,63,0,0,0
2025-12-23,M03,Es Teh Manis,154,0,0,0
2025-12-24,M01,Nasi Goreng Spesial,111,0,0,0
2025-12-24,M02,Mie Goreng Ayam,66,0,0,0
2025-12-24,M03,Es Teh Manis,144,0,0,0
2025-12-25,M01,Nasi Goreng Spesial,66,1,0,0
2025-12-25,M02,Mie Goreng Ayam,75,0,0,0
2025-12-25,M03,Es Teh Manis,189,0,0,0
2025-12-26,M01,Nasi Goreng Spesial,111,0,0,0
2025-12-26,M02,Mie Goreng Ayam,67,0,0,0
2025-12-26,M03,Es Teh Manis,134,0,0,0
2025-12-27,M01,Nasi Goreng Spesial,107,0,1,1
2025-12-27,M02,Mie Goreng Ayam,62,0,1,1
2025-12-27,M03,Es Teh Manis,173,0,1,1
2025-12-28,M01,Nasi Goreng Spesial,124,0,1,1
2025-12-28,M02,Mie Goreng Ayam,71,0,1,1
2025-12-28,M03,Es Teh Manis,173,0,1,1
2025-12-29,M01,Nasi Goreng Spesial,73,0,0,1
2025-12-29,M02,Mie Goreng Ayam,60,0,0,1
2025-12-29,M03,Es Teh Manis,140,0,0,1
2025-12-30,M01,Nasi Goreng Spesial,105,0,0,0
2025-12-30,M02,Mie Goreng Ayam,71,0,0,0
2025-12-30,M03,Es Teh Manis,138,0,0,0
2025-12-31,M01,Nasi Goreng Spesial,96,0,0,1
2025-12-31,M02,Mie Goreng Ayam,50,0,0,1
2025-12-31,M03,Es Teh Manis,102,1,0,1
2026-01-01,M01,Nasi Goreng Spesial,109,0,0,0
2026-01-01,M02,Mie Goreng Ayam,60,1,0,0
2026-01-01,M03,Es Teh Manis,139,0,0,0
2026-01-02,M01,Nasi Goreng Spesial,87,0,0,0
2026-01-02,M02,Mie Goreng Ayam,59,1,0,0
2026-01-02,M03,Es Teh Manis,145,0,0,0
2026-01-03,M01,Nasi Goreng Spesial,89,1,1,0
2026-01-03,M02,Mie Goreng Ayam,93,0,1,0
2026-01-03,M03,Es Teh Manis,178,0,1,0
2026-01-04,M01,Nasi Goreng Spesial,130,0,1,0
2026-01-04,M02,Mie Goreng Ayam,71,1,1,0
2026-01-04,M03,Es Teh Manis,210,0,1,0
2026-01-05,M01,Nasi Goreng Spesial,91,0,0,1
2026-01-05,M02,Mie Goreng Ayam,48,0,0,1
2026-01-05,M03,Es Teh Manis,124,0,0,1
2026-01-06,M01,Nasi Goreng Spesial,105,0,0,0
2026-01-06,M02,Mie Goreng Ayam,64,0,0,0
2026-01-06,M03,Es Teh Manis,139,0,0,0
2026-01-07,M01,Nasi Goreng Spesial,102,0,0,0
2026-01-07,M02,Mie Goreng Ayam,87,0,0,0
2026-01-07,M03,Es Teh Manis,157,0,0,0
2026-01-08,M01,Nasi Goreng Spesial,83,0,0,0
2026-01-08,M02,Mie Goreng Ayam,79,0,0,0
2026-01-08,M03,Es Teh Manis,151,0,0,0
2026-01-09,M01,Nasi Goreng Spesial,119,0,0,0
2026-01-09,M02,Mie Goreng Ayam,78,0,0,0
2026-01-09,M03,Es Teh Manis,154,0,0,0
2026-01-10,M01,Nasi Goreng Spesial,135,0,1,0
2026-01-10,M02,Mie Goreng Ayam,106,0,1,0
2026-01-10,M03,Es Teh Manis,201,0,1,0
2026-01-11,M01,Nasi Goreng Spesial,84,1,1,0
2026-01-11,M02,Mie Goreng Ayam,96,0,1,0
2026-01-11,M03,Es Teh Manis,194,0,1,0
2026-01-12,M01,Nasi Goreng Spesial,104,0,0,0
2026-01-12,M02,Mie Goreng Ayam,65,0,0,0
2026-01-12,M03,Es Teh Manis,168,0,0,0
2026-01-13,M01,Nasi Goreng Spesial,81,0,0,0
2026-01-13,M02,Mie Goreng Ayam,80,0,0,0
2026-01-13,M03,Es Teh Manis,128,0,0,0
2026-01-14,M01,Nasi Goreng Spesial,81,0,0,1
2026-01-14,M02,Mie Goreng Ayam,44,0,0,1
2026-01-14,M03,Es Teh Manis,99,0,0,1
2026-01-15,M01,Nasi Goreng Spesial,104,0,0,0
2026-01-15,M02,Mie Goreng Ayam,74,0,0,0
2026-01-15,M03,Es Teh Manis,154,0,0,0
2026-01-16,M01,Nasi Goreng Spesial,83,0,0,1
2026-01-16,M02,Mie Goreng Ayam,54,0,0,1
2026-01-16,M03,Es Teh Manis,127,0,0,1
2026-01-17,M01,Nasi Goreng Spesial,131,0,1,0
2026-01-17,M02,Mie Goreng Ayam,91,0,1,0
2026-01-17,M03,Es Teh Manis,193,0,1,0
2026-01-18,M01,Nasi Goreng Spesial,91,1,1,0
2026-01-18,M02,Mie Goreng Ayam,85,0,1,0
2026-01-18,M03,Es Teh Manis,197,0,1,0
2026-01-19,M01,Nasi Goreng Spesial,104,0,0,0
2026-01-19,M02,Mie Goreng Ayam,74,0,0,0
2026-01-19,M03,Es Teh Manis,145,0,0,0
2026-01-20,M01,Nasi Goreng Spesial,97,0,0,0
2026-01-20,M02,Mie Goreng Ayam,64,0,0,0
2026-01-20,M03,Es Teh Manis,152,0,0,0
2026-01-21,M01,Nasi Goreng Spesial,88,0,0,0
2026-01-21,M02,Mie Goreng Ayam,67,0,0,0
2026-01-21,M03,Es Teh Manis,150,0,0,0
2026-01-22,M01,Nasi Goreng Spesial,69,0,0,1
2026-01-22,M02,Mie Goreng Ayam,61,0,0,1
2026-01-22,M03,Es Teh Manis,134,0,0,1
2026-01-23,M01,Nasi Goreng Spesial,104,0,0,1
2026-01-23,M02,Mie Goreng Ayam,63,0,0,1
2026-01-23,M03,Es Teh Manis,124,0,0,1
2026-01-24,M01,Nasi Goreng Spesial,132,0,1,0
2026-01-24,M02,Mie Goreng Ayam,53,1,1,0
2026-01-24,M03,Es Teh Manis,183,0,1,0
2026-01-25,M01,Nasi Goreng Spesial,134,0,1,1
2026-01-25,M02,Mie Goreng Ayam,50,0,1,1
2026-01-25,M03,Es Teh Manis,163,0,1,1
2026-01-26,M01,Nasi Goreng Spesial,74,1,0,0
2026-01-26,M02,Mie Goreng Ayam,69,0,0,0
2026-01-26,M03,Es Teh Manis,154,0,0,0
2026-01-27,M01,Nasi Goreng Spesial,113,0,0,0
2026-01-27,M02,Mie Goreng Ayam,48,1,0,0
2026-01-27,M03,Es Teh Manis,150,0,0,0
2026-01-28,M01,Nasi Goreng Spesial,96,0,0,0
2026-01-28,M02,Mie Goreng Ayam,57,0,0,0
2026-01-28,M03,Es Teh Manis,155,0,0,0
2026-01-29,M01,Nasi Goreng Spesial,96,0,0,0
2026-01-29,M02,Mie Goreng Ayam,66,0,0,0
2026-01-29,M03,Es Teh Manis,141,0,0,0
2026-01-30,M01,Nasi Goreng Spesial,97,0,0,0
2026-01-30,M02,Mie Goreng Ayam,65,0,0,0
2026-01-30,M03,Es Teh Manis,143,0,0,0
2026-01-31,M01,Nasi Goreng Spesial,106,0,1,1
2026-01-31,M02,Mie Goreng Ayam,54,1,1,1
2026-01-31,M03,Es Teh Manis,159,0,1,1
2026-02-01,M01,Nasi Goreng Spesial,128,0,1,0
2026-02-01,M02,Mie Goreng Ayam,91,0,1,0
2026-02-01,M03,Es Teh Manis,190,0,1,0
2026-02-02,M01,Nasi Goreng Spesial,100,0,0,0
2026-02-02,M02,Mie Goreng Ayam,48,1,0,0
2026-02-02,M03,Es Teh Manis,132,0,0,0
2026-02-03,M01,Nasi Goreng Spesial,77,1,0,0
2026-02-03,M02,Mie Goreng Ayam,78,0,0,0
2026-02-03,M03,Es Teh Manis,128,0,0,0
2026-02-04,M01,Nasi Goreng Spesial,79,0,0,1
2026-02-04,M02,Mie Goreng Ayam,66,0,0,1
2026-02-04,M03,Es Teh Manis,107,0,0,1
2026-02-05,M01,Nasi Goreng Spesial,93,0,0,0
2026-02-05,M02,Mie Goreng Ayam,40,0,0,0
2026-02-05,M03,Es Teh Manis,146,0,0,0
2026-02-06,M01,Nasi Goreng Spesial,102,0,0,0
2026-02-06,M02,Mie Goreng Ayam,58,0,0,0
2026-02-06,M03,Es Teh Manis,148,0,0,0
2026-02-07,M01,Nasi Goreng Spesial,128,0,1,0
2026-02-07,M02,Mie Goreng Ayam,87,0,1,0
2026-02-07,M03,Es Teh Manis,196,0,1,0
2026-02-08,M01,Nasi Goreng Spesial,135,0,1,0
2026-02-08,M02,Mie Goreng Ayam,79,0,1,0
2026-02-08,M03,Es Teh Manis,191,0,1,0
2026-02-09,M01,Nasi Goreng Spesial,106,0,0,0
2026-02-09,M02,Mie Goreng Ayam,79,0,0,0
2026-02-09,M03,Es Teh Manis,155,0,0,0
2026-02-10,M01,Nasi Goreng Spesial,104,0,0,0
2026-02-10,M02,Mie Goreng Ayam,63,0,0,0
2026-02-10,M03,Es Teh Manis,109,1,0,0
2026-02-11,M01,Nasi Goreng Spesial,72,1,0,0
2026-02-11,M02,Mie Goreng Ayam,78,0,0,0
2026-02-11,M03,Es Teh Manis,168,0,0,0
2026-02-12,M01,Nasi Goreng Spesial,86,0,0,0
2026-02-12,M02,Mie Goreng Ayam,87,0,0,0
2026-02-12,M03,Es Teh Manis,161,0,0,0
2026-02-13,M01,Nasi Goreng Spesial,87,0,0,1
2026-02-13,M02,Mie Goreng Ayam,61,0,0,1
2026-02-13,M03,Es Teh Manis,140,0,0,1
2026-02-14,M01,Nasi Goreng Spesial,117,0,1,1
2026-02-14,M02,Mie Goreng Ayam,70,0,1,1
2026-02-14,M03,Es Teh Manis,161,0,1,1
2026-02-15,M01,Nasi Goreng Spesial,138,0,1,0
2026-02-15,M02,Mie Goreng Ayam,98,0,1,0
2026-02-15,M03,Es Teh Manis,212,0,1,0
2026-02-16,M01,Nasi Goreng Spesial,92,0,0,1
2026-02-16,M02,Mie Goreng Ayam,49,0,0,1
2026-02-16,M03,Es Teh Manis,119,0,0,1
2026-02-17,M01,Nasi Goreng Spesial,107,0,0,0
2026-02-17,M02,Mie Goreng Ayam,61,0,0,0
2026-02-17,M03,Es Teh Manis,121,1,0,0
2026-02-18,M01,Nasi Goreng Spesial,96,0,0,0
2026-02-18,M02,Mie Goreng Ayam,69,0,0,0
2026-02-18,M03,Es Teh Manis,150,0,0,0
2026-02-19,M01,Nasi Goreng Spesial,97,0,0,0
2026-02-19,M02,Mie Goreng Ayam,60,1,0,0
2026-02-19,M03,Es Teh Manis,137,0,0,0
2026-02-20,M01,Nasi Goreng Spesial,101,0,0,1
2026-02-20,M02,Mie Goreng Ayam,79,0,0,1
2026-02-20,M03,Es Teh Manis,129,0,0,1
2026-02-21,M01,Nasi Goreng Spesial,102,0,1,1
2026-02-21,M02,Mie Goreng Ayam,81,0,1,1
2026-02-21,M03,Es Teh Manis,158,0,1,1
2026-02-22,M01,Nasi Goreng Spesial,131,0,1,0
2026-02-22,M02,Mie Goreng Ayam,92,0,1,0
2026-02-22,M03,Es Teh Manis,193,0,1,0
2026-02-23,M01,Nasi Goreng Spesial,102,0,0,0
2026-02-23,M02,Mie Goreng Ayam,81,0,0,0
2026-02-23,M03,Es Teh Manis,164,0,0,0
2026-02-24,M01,Nasi Goreng Spesial,96,0,0,1
2026-02-24,M02,Mie Goreng Ayam,47,0,0,1
2026-02-24,M03,Es Teh Manis,119,0,0,1
2026-02-25,M01,Nasi Goreng Spesial,87,0,0,1
2026-02-25,M02,Mie Goreng Ayam,50,0,0,1
2026-02-25,M03,Es Teh Manis,141,0,0,1
2026-02-26,M01,Nasi Goreng Spesial,106,0,0,0
2026-02-26,M02,Mie Goreng Ayam,97,0,0,0
2026-02-26,M03,Es Teh Manis,164,0,0,0
2026-02-27,M01,Nasi Goreng Spesial,84,0,0,0
2026-02-27,M02,Mie Goreng Ayam,63,0,0,0
2026-02-27,M03,Es Teh Manis,110,1,0,0
2026-02-28,M01,Nasi Goreng Spesial,105,1,1,0
2026-02-28,M02,Mie Goreng Ayam,91,0,1,0
2026-02-28,M03,Es Teh Manis,189,0,1,0
2026-03-01,M01,Nasi Goreng Spesial,140,0,1,0
2026-03-01,M02,Mie Goreng Ayam,79,0,1,0
2026-03-01,M03,Es Teh Manis,206,0,1,0
2026-03-02,M01,Nasi Goreng Spesial,117,0,0,0
2026-03-02,M02,Mie Goreng Ayam,77,0,0,0
2026-03-02,M03,Es Teh Manis,149,0,0,0
2026-03-03,M01,Nasi Goreng Spesial,110,0,0,0
2026-03-03,M02,Mie Goreng Ayam,90,0,0,0
2026-03-03,M03,Es Teh Manis,139,0,0,0
2026-03-04,M01,Nasi Goreng Spesial,125,0,0,0
2026-03-04,M02,Mie Goreng Ayam,63,0,0,0
2026-03-04,M03,Es Teh Manis,161,0,0,0
2026-03-05,M01,Nasi Goreng Spesial,122,0,0,0
2026-03-05,M02,Mie Goreng Ayam,69,0,0,0
2026-03-05,M03,Es Teh Manis,144,0,0,0
2026-03-06,M01,Nasi Goreng Spesial,108,0,0,0
2026-03-06,M02,Mie Goreng Ayam,72,0,0,0
2026-03-06,M03,Es Teh Manis,141,0,0,0
2026-03-07,M01,Nasi Goreng Spesial,143,0,1,0
2026-03-07,M02,Mie Goreng Ayam,96,0,1,0
2026-03-07,M03,Es Teh Manis,159,1,1,0
2026-03-08,M01,Nasi Goreng Spesial,126,0,1,0
2026-03-08,M02,Mie Goreng Ayam,89,0,1,0
2026-03-08,M03,Es Teh Manis,207,0,1,0
2026-03-09,M01,Nasi Goreng Spesial,73,0,0,1
2026-03-09,M02,Mie Goreng Ayam,66,0,0,1
2026-03-09,M03,Es Teh Manis,126,0,0,1
2026-03-10,M01,Nasi Goreng Spesial,99,0,0,0
2026-03-10,M02,Mie Goreng Ayam,73,0,0,0
2026-03-10,M03,Es Teh Manis,137,0,0,0
2026-03-11,M01,Nasi Goreng Spesial,85,0,0,1
2026-03-11,M02,Mie Goreng Ayam,47,0,0,1
2026-03-11,M03,Es Teh Manis,110,0,0,1
2026-03-12,M01,Nasi Goreng Spesial,115,0,0,0
2026-03-12,M02,Mie Goreng Ayam,58,0,0,0
2026-03-12,M03,Es Teh Manis,113,1,0,0
2026-03-13,M01,Nasi Goreng Spesial,105,0,0,0
2026-03-13,M02,Mie Goreng Ayam,84,0,0,0
2026-03-13,M03,Es Teh Manis,168,0,0,0
2026-03-14,M01,Nasi Goreng Spesial,118,0,1,0
2026-03-14,M02,Mie Goreng Ayam,87,0,1,0
2026-03-14,M03,Es Teh Manis,195,0,1,0
2026-03-15,M01,Nasi Goreng Spesial,103,0,1,1
2026-03-15,M02,Mie Goreng Ayam,88,0,1,1
2026-03-15,M03,Es Teh Manis,160,0,1,1
2026-03-16,M01,Nasi Goreng Spesial,97,0,0,0
2026-03-16,M02,Mie Goreng Ayam,78,0,0,0
2026-03-16,M03,Es Teh Manis,147,0,0,0
2026-03-17,M01,Nasi Goreng Spesial,66,1,0,0
2026-03-17,M02,Mie Goreng Ayam,75,0,0,0
2026-03-17,M03,Es Teh Manis,164,0,0,0
2026-03-18,M01,Nasi Goreng Spesial,110,0,0,0
2026-03-18,M02,Mie Goreng Ayam,74,0,0,0
2026-03-18,M03,Es Teh Manis,155,0,0,0
2026-03-19,M01,Nasi Goreng Spesial,91,0,0,0
2026-03-19,M02,Mie Goreng Ayam,76,0,0,0
2026-03-19,M03,Es Teh Manis,151,0,0,0
2026-03-20,M01,Nasi Goreng Spesial,79,0,0,1
2026-03-20,M02,Mie Goreng Ayam,67,0,0,1
2026-03-20,M03,Es Teh Manis,114,0,0,1
2026-03-21,M01,Nasi Goreng Spesial,108,1,1,0
2026-03-21,M02,Mie Goreng Ayam,78,0,1,0
2026-03-21,M03,Es Teh Manis,189,0,1,0
2026-03-22,M01,Nasi Goreng Spesial,113,0,1,1
2026-03-22,M02,Mie Goreng Ayam,89,0,1,1
2026-03-22,M03,Es Teh Manis,178,0,1,1
2026-03-23,M01,Nasi Goreng Spesial,87,0,0,1
2026-03-23,M02,Mie Goreng Ayam,64,0,0,1
2026-03-23,M03,Es Teh Manis,126,0,0,1
2026-03-24,M01,Nasi Goreng Spesial,111,0,0,0
2026-03-24,M02,Mie Goreng Ayam,89,0,0,0
2026-03-24,M03,Es Teh Manis,164,0,0,0
2026-03-25,M01,Nasi Goreng Spesial,105,0,0,0
2026-03-25,M02,Mie Goreng Ayam,68,0,0,0
2026-03-25,M03,Es Teh Manis,141,0,0,0
2026-03-26,M01,Nasi Goreng Spesial,94,0,0,0
2026-03-26,M02,Mie Goreng Ayam,68,0,0,0
2026-03-26,M03,Es Teh Manis,126,0,0,0
2026-03-27,M01,Nasi Goreng Spesial,96,0,0,0
2026-03-27,M02,Mie Goreng Ayam,86,0,0,0
2026-03-27,M03,Es Teh Manis,168,0,0,0
2026-03-28,M01,Nasi Goreng Spesial,131,0,1,1
2026-03-28,M02,Mie Goreng Ayam,62,1,1,1
2026-03-28,M03,Es Teh Manis,160,0,1,1
2026-03-29,M01,Nasi Goreng Spesial,138,0,1,0
2026-03-29,M02,Mie Goreng Ayam,91,0,1,0
2026-03-29,M03,Es Teh Manis,184,0,1,0
2026-03-30,M01,Nasi Goreng Spesial,88,0,0,1
2026-03-30,M02,Mie Goreng Ayam,60,0,0,1
2026-03-30,M03,Es Teh Manis,119,0,0,1
2026-03-31,M01,Nasi Goreng Spesial,101,0,0,0
2026-03-31,M02,Mie Goreng Ayam,66,0,0,0
2026-03-31,M03,Es Teh Manis,123,0,0,0
2026-04-01,M01,Nasi Goreng Spesial,101,0,0,0
2026-04-01,M02,Mie Goreng Ayam,75,0,0,0
2026-04-01,M03,Es Teh Manis,136,0,0,0
2026-04-02,M01,Nasi Goreng Spesial,94,0,0,0
2026-04-02,M02,Mie Goreng Ayam,75,0,0,0
2026-04-02,M03,Es Teh Manis,126,1,0,0
2026-04-03,M01,Nasi Goreng Spesial,91,0,0,0
2026-04-03,M02,Mie Goreng Ayam,42,1,0,0
2026-04-03,M03,Es Teh Manis,155,0,0,0
2026-04-04,M01,Nasi Goreng Spesial,126,0,1,0
2026-04-04,M02,Mie Goreng Ayam,94,0,1,0
2026-04-04,M03,Es Teh Manis,194,0,1,0
2026-04-05,M01,Nasi Goreng Spesial,124,0,1,0
2026-04-05,M02,Mie Goreng Ayam,106,0,1,0
2026-04-05,M03,Es Teh Manis,198,0,1,0
2026-04-06,M01,Nasi Goreng Spesial,102,0,0,0
2026-04-06,M02,Mie Goreng Ayam,82,0,0,0
2026-04-06,M03,Es Teh Manis,127,0,0,0
2026-04-07,M01,Nasi Goreng Spesial,88,0,0,1
2026-04-07,M02,Mie Goreng Ayam,51,0,0,1
2026-04-07,M03,Es Teh Manis,141,0,0,1
2026-04-08,M01,Nasi Goreng Spesial,88,0,0,0
2026-04-08,M02,Mie Goreng Ayam,84,0,0,0
2026-04-08,M03,Es Teh Manis,168,0,0,0
2026-04-09,M01,Nasi Goreng Spesial,86,0,0,0
2026-04-09,M02,Mie Goreng Ayam,73,0,0,0
2026-04-09,M03,Es Teh Manis,162,0,0,0
2026-04-10,M01,Nasi Goreng Spesial,93,0,0,0
2026-04-10,M02,Mie Goreng Ayam,83,0,0,0
2026-04-10,M03,Es Teh Manis,153,0,0,0
2026-04-11,M01,Nasi Goreng Spesial,126,0,1,0
2026-04-11,M02,Mie Goreng Ayam,84,0,1,0
2026-04-11,M03,Es Teh Manis,176,0,1,0
2026-04-12,M01,Nasi Goreng Spesial,131,0,1,0
2026-04-12,M02,Mie Goreng Ayam,97,0,1,0
2026-04-12,M03,Es Teh Manis,196,0,1,0
2026-04-13,M01,Nasi Goreng Spesial,108,0,0,0
2026-04-13,M02,Mie Goreng Ayam,91,0,0,0
2026-04-13,M03,Es Teh Manis,149,0,0,0
2026-04-14,M01,Nasi Goreng Spesial,85,0,0,1
2026-04-14,M02,Mie Goreng Ayam,61,0,0,1
2026-04-14,M03,Es Teh Manis,136,0,0,1
2026-04-15,M01,Nasi Goreng Spesial,86,0,0,1
2026-04-15,M02,Mie Goreng Ayam,67,0,0,1
2026-04-15,M03,Es Teh Manis,121,0,0,1
2026-04-16,M01,Nasi Goreng Spesial,92,0,0,0
2026-04-16,M02,Mie Goreng Ayam,89,0,0,0
2026-04-16,M03,Es Teh Manis,137,0,0,0
2026-04-17,M01,Nasi Goreng Spesial,85,0,0,0
2026-04-17,M02,Mie Goreng Ayam,70,0,0,0
2026-04-17,M03,Es Teh Manis,163,0,0,0
2026-04-18,M01,Nasi Goreng Spesial,122,0,1,1
2026-04-18,M02,Mie Goreng Ayam,100,0,1,1
2026-04-18,M03,Es Teh Manis,150,0,1,1
2026-04-19,M01,Nasi Goreng Spesial,116,0,1,1
2026-04-19,M02,Mie Goreng Ayam,73,0,1,1
2026-04-19,M03,Es Teh Manis,162,0,1,1
2026-04-20,M01,Nasi Goreng Spesial,104,0,0,0
2026-04-20,M02,Mie Goreng Ayam,90,0,0,0
2026-04-20,M03,Es Teh Manis,150,0,0,0
2026-04-21,M01,Nasi Goreng Spesial,76,0,0,1
2026-04-21,M02,Mie Goreng Ayam,31,1,0,1
2026-04-21,M03,Es Teh Manis,133,0,0,1
2026-04-22,M01,Nasi Goreng Spesial,86,0,0,1
2026-04-22,M02,Mie Goreng Ayam,49,0,0,1
2026-04-22,M03,Es Teh Manis,124,0,0,1
2026-04-23,M01,Nasi Goreng Spesial,100,0,0,0
2026-04-23,M02,Mie Goreng Ayam,55,0,0,0
2026-04-23,M03,Es Teh Manis,162,0,0,0
2026-04-24,M01,Nasi Goreng Spesial,107,0,0,0
2026-04-24,M02,Mie Goreng Ayam,56,1,0,0
2026-04-24,M03,Es Teh Manis,143,0,0,0
2026-04-25,M01,Nasi Goreng Spesial,95,0,1,1
2026-04-25,M02,Mie Goreng Ayam,65,0,1,1
2026-04-25,M03,Es Teh Manis,162,0,1,1
2026-04-26,M01,Nasi Goreng Spesial,105,0,1,1
2026-04-26,M02,Mie Goreng Ayam,85,0,1,1
2026-04-26,M03,Es Teh Manis,161,0,1,1
2026-04-27,M01,Nasi Goreng Spesial,103,0,0,0
2026-04-27,M02,Mie Goreng Ayam,71,0,0,0
2026-04-27,M03,Es Teh Manis,172,0,0,0
2026-04-28,M01,Nasi Goreng Spesial,100,0,0,0
2026-04-28,M02,Mie Goreng Ayam,73,0,0,0
2026-04-28,M03,Es Teh Manis,114,1,0,0
2026-04-29,M01,Nasi Goreng Spesial,112,0,0,0
2026-04-29,M02,Mie Goreng Ayam,57,1,0,0
2026-04-29,M03,Es Teh Manis,158,0,0,0
2026-04-30,M01,Nasi Goreng Spesial,80,0,0,1
2026-04-30,M02,Mie Goreng Ayam,48,0,0,1
2026-04-30,M03,Es Teh Manis,135,0,0,1
2026-05-01,M01,Nasi Goreng Spesial,97,0,0,0
2026-05-01,M02,Mie Goreng Ayam,88,0,0,0
2026-05-01,M03,Es Teh Manis,153,0,0,0
2026-05-02,M01,Nasi Goreng Spesial,126,0,1,0
2026-05-02,M02,Mie Goreng Ayam,115,0,1,0
2026-05-02,M03,Es Teh Manis,197,0,1,0
2026-05-03,M01,Nasi Goreng Spesial,104,0,1,1
2026-05-03,M02,Mie Goreng Ayam,80,0,1,1
2026-05-03,M03,Es Teh Manis,155,0,1,1
2026-05-04,M01,Nasi Goreng Spesial,99,0,0,1
2026-05-04,M02,Mie Goreng Ayam,68,0,0,1
2026-05-04,M03,Es Teh Manis,93,1,0,1
2026-05-05,M01,Nasi Goreng Spesial,86,0,0,0
2026-05-05,M02,Mie Goreng Ayam,57,1,0,0
2026-05-05,M03,Es Teh Manis,159,0,0,0
2026-05-06,M01,Nasi Goreng Spesial,92,0,0,0
2026-05-06,M02,Mie Goreng Ayam,74,0,0,0
2026-05-06,M03,Es Teh Manis,150,0,0,0
2026-05-07,M01,Nasi Goreng Spesial,72,0,0,0
2026-05-07,M02,Mie Goreng Ayam,79,0,0,0
2026-05-07,M03,Es Teh Manis,103,1,0,0
2026-05-08,M01,Nasi Goreng Spesial,100,0,0,0
2026-05-08,M02,Mie Goreng Ayam,79,0,0,0
2026-05-08,M03,Es Teh Manis,167,0,0,0
2026-05-09,M01,Nasi Goreng Spesial,115,0,1,1
2026-05-09,M02,Mie Goreng Ayam,72,0,1,1
2026-05-09,M03,Es Teh Manis,149,0,1,1
2026-05-10,M01,Nasi Goreng Spesial,127,0,1,0
2026-05-10,M02,Mie Goreng Ayam,98,0,1,0
2026-05-10,M03,Es Teh Manis,193,0,1,0
2026-05-11,M01,Nasi Goreng Spesial,85,0,0,0
2026-05-11,M02,Mie Goreng Ayam,48,1,0,0
2026-05-11,M03,Es Teh Manis,154,0,0,0
2026-05-12,M01,Nasi Goreng Spesial,106,0,0,0
2026-05-12,M02,Mie Goreng Ayam,73,0,0,0
2026-05-12,M03,Es Teh Manis,151,0,0,0
2026-05-13,M01,Nasi Goreng Spesial,87,0,0,0
2026-05-13,M02,Mie Goreng Ayam,55,0,0,0
2026-05-13,M03,Es Teh Manis,148,0,0,0
2026-05-14,M01,Nasi Goreng Spesial,95,0,0,0
2026-05-14,M02,Mie Goreng Ayam,71,0,0,0
2026-05-14,M03,Es Teh Manis,170,0,0,0
2026-05-15,M01,Nasi Goreng Spesial,72,1,0,0
2026-05-15,M02,Mie Goreng Ayam,85,0,0,0
2026-05-15,M03,Es Teh Manis,114,1,0,0
2026-05-16,M01,Nasi Goreng Spesial,94,0,1,1
2026-05-16,M02,Mie Goreng Ayam,67,0,1,1
2026-05-16,M03,Es Teh Manis,178,0,1,1
2026-05-17,M01,Nasi Goreng Spesial,124,0,1,0
2026-05-17,M02,Mie Goreng Ayam,101,0,1,0
2026-05-17,M03,Es Teh Manis,184,0,1,0
2026-05-18,M01,Nasi Goreng Spesial,92,0,0,0
2026-05-18,M02,Mie Goreng Ayam,52,0,0,0
2026-05-18,M03,Es Teh Manis,154,0,0,0
2026-05-19,M01,Nasi Goreng Spesial,84,0,0,1
2026-05-19,M02,Mie Goreng Ayam,68,0,0,1
2026-05-19,M03,Es Teh Manis,116,0,0,1
2026-05-20,M01,Nasi Goreng Spesial,89,0,0,0
2026-05-20,M02,Mie Goreng Ayam,73,0,0,0
2026-05-20,M03,Es Teh Manis,141,0,0,0
2026-05-21,M01,Nasi Goreng Spesial,89,0,0,1
2026-05-21,M02,Mie Goreng Ayam,54,0,0,1
2026-05-21,M03,Es Teh Manis,125,0,0,1
2026-05-22,M01,Nasi Goreng Spesial,102,0,0,0
2026-05-22,M02,Mie Goreng Ayam,68,0,0,0
2026-05-22,M03,Es Teh Manis,152,0,0,0
2026-05-23,M01,Nasi Goreng Spesial,139,0,1,0
2026-05-23,M02,Mie Goreng Ayam,68,0,1,0
2026-05-23,M03,Es Teh Manis,189,0,1,0
2026-05-24,M01,Nasi Goreng Spesial,101,0,1,1
2026-05-24,M02,Mie Goreng Ayam,67,0,1,1
2026-05-24,M03,Es Teh Manis,169,0,1,1
2026-05-25,M01,Nasi Goreng Spesial,94,0,0,0
2026-05-25,M02,Mie Goreng Ayam,51,1,0,0
2026-05-25,M03,Es Teh Manis,148,0,0,0
2026-05-26,M01,Nasi Goreng Spesial,104,0,0,0
2026-05-26,M02,Mie Goreng Ayam,49,1,0,0
2026-05-26,M03,Es Teh Manis,152,0,0,0
2026-05-27,M01,Nasi Goreng Spesial,96,0,0,1
2026-05-27,M02,Mie Goreng Ayam,44,0,0,1
2026-05-27,M03,Es Teh Manis,130,0,0,1
2026-05-28,M01,Nasi Goreng Spesial,108,0,0,0
2026-05-28,M02,Mie Goreng Ayam,80,0,0,0
2026-05-28,M03,Es Teh Manis,135,0,0,0
2026-05-29,M01,Nasi Goreng Spesial,95,0,0,0
2026-05-29,M02,Mie Goreng Ayam,81,0,0,0
2026-05-29,M03,Es Teh Manis,142,0,0,0
2026-05-30,M01,Nasi Goreng Spesial,119,0,1,0
2026-05-30,M02,Mie Goreng Ayam,101,0,1,0
2026-05-30,M03,Es Teh Manis,190,0,1,0
2026-05-31,M01,Nasi Goreng Spesial,107,0,1,1
2026-05-31,M02,Mie Goreng Ayam,85,0,1,1
2026-05-31,M03,Es Teh Manis,154,0,1,1
2026-06-01,M01,Nasi Goreng Spesial,111,0,0,0
2026-06-01,M02,Mie Goreng Ayam,62,0,0,0
2026-06-01,M03,Es Teh Manis,148,0,0,0
2026-06-02,M01,Nasi Goreng Spesial,89,0,0,0
2026-06-02,M02,Mie Goreng Ayam,51,1,0,0
2026-06-02,M03,Es Teh Manis,156,0,0,0
2026-06-03,M01,Nasi Goreng Spesial,76,0,0,1
2026-06-03,M02,Mie Goreng Ayam,45,0,0,1
2026-06-03,M03,Es Teh Manis,96,1,0,1
2026-06-04,M01,Nasi Goreng Spesial,113,0,0,0
2026-06-04,M02,Mie Goreng Ayam,47,1,0,0
2026-06-04,M03,Es Teh Manis,156,0,0,0
2026-06-05,M01,Nasi Goreng Spesial,115,0,0,0
2026-06-05,M02,Mie Goreng Ayam,54,0,0,0
2026-06-05,M03,Es Teh Manis,111,1,0,0
2026-06-06,M01,Nasi Goreng Spesial,132,0,1,0
2026-06-06,M02,Mie Goreng Ayam,89,0,1,0
2026-06-06,M03,Es Teh Manis,201,0,1,0
2026-06-07,M01,Nasi Goreng Spesial,107,0,1,1
2026-06-07,M02,Mie Goreng Ayam,69,0,1,1
2026-06-07,M03,Es Teh Manis,146,0,1,1
2026-06-08,M01,Nasi Goreng Spesial,86,0,0,1
2026-06-08,M02,Mie Goreng Ayam,65,0,0,1
2026-06-08,M03,Es Teh Manis,124,0,0,1
2026-06-09,M01,Nasi Goreng Spesial,110,0,0,0
2026-06-09,M02,Mie Goreng Ayam,86,0,0,0
2026-06-09,M03,Es Teh Manis,146,0,0,0
2026-06-10,M01,Nasi Goreng Spesial,102,0,0,0
2026-06-10,M02,Mie Goreng Ayam,86,0,0,0
2026-06-10,M03,Es Teh Manis,148,0,0,0
2026-06-11,M01,Nasi Goreng Spesial,101,0,0,1
2026-06-11,M02,Mie Goreng Ayam,58,0,0,1
2026-06-11,M03,Es Teh Manis,132,0,0,1
2026-06-12,M01,Nasi Goreng Spesial,89,0,0,0
2026-06-12,M02,Mie Goreng Ayam,78,0,0,0
2026-06-12,M03,Es Teh Manis,157,0,0,0
2026-06-13,M01,Nasi Goreng Spesial,118,0,1,0
2026-06-13,M02,Mie Goreng Ayam,97,0,1,0
2026-06-13,M03,Es Teh Manis,210,0,1,0
2026-06-14,M01,Nasi Goreng Spesial,91,0,1,1
2026-06-14,M02,Mie Goreng Ayam,85,0,1,1
2026-06-14,M03,Es Teh Manis,175,0,1,1
2026-06-15,M01,Nasi Goreng Spesial,94,0,0,0
2026-06-15,M02,Mie Goreng Ayam,65,0,0,0
2026-06-15,M03,Es Teh Manis,159,0,0,0
2026-06-16,M01,Nasi Goreng Spesial,81,0,0,1
2026-06-16,M02,Mie Goreng Ayam,63,0,0,1
2026-06-16,M03,Es Teh Manis,130,0,0,1
2026-06-17,M01,Nasi Goreng Spesial,118,0,0,0
2026-06-17,M02,Mie Goreng Ayam,69,0,0,0
2026-06-17,M03,Es Teh Manis,147,0,0,0
2026-06-18,M01,Nasi Goreng Spesial,105,0,0,0
2026-06-18,M02,Mie Goreng Ayam,51,1,0,0
2026-06-18,M03,Es Teh Manis,133,0,0,0
2026-06-19,M01,Nasi Goreng Spesial,86,0,0,1
2026-06-19,M02,Mie Goreng Ayam,62,0,0,1
2026-06-19,M03,Es Teh Manis,108,0,0,1
2026-06-20,M01,Nasi Goreng Spesial,108,1,1,0
2026-06-20,M02,Mie Goreng Ayam,76,0,1,0
2026-06-20,M03,Es Teh Manis,195,0,1,0
2026-06-21,M01,Nasi Goreng Spesial,131,0,1,0
2026-06-21,M02,Mie Goreng Ayam,104,0,1,0
2026-06-21,M03,Es Teh Manis,211,0,1,0
2026-06-22,M01,Nasi Goreng Spesial,85,0,0,0
2026-06-22,M02,Mie Goreng Ayam,70,0,0,0
2026-06-22,M03,Es Teh Manis,148,0,0,0
2026-06-23,M01,Nasi Goreng Spesial,91,0,0,0
2026-06-23,M02,Mie Goreng Ayam,37,1,0,0
2026-06-23,M03,Es Teh Manis,117,1,0,0
2026-06-24,M01,Nasi Goreng Spesial,111,0,0,0
2026-06-24,M02,Mie Goreng Ayam,61,0,0,0
2026-06-24,M03,Es Teh Manis,155,0,0,0
2026-06-25,M01,Nasi Goreng Spesial,97,0,0,0
2026-06-25,M02,Mie Goreng Ayam,45,1,0,0
2026-06-25,M03,Es Teh Manis,149,0,0,0
2026-06-26,M01,Nasi Goreng Spesial,99,0,0,0
2026-06-26,M02,Mie Goreng Ayam,54,0,0,0
2026-06-26,M03,Es Teh Manis,142,0,0,0
2026-06-27,M01,Nasi Goreng Spesial,104,0,1,1
2026-06-27,M02,Mie Goreng Ayam,67,0,1,1
2026-06-27,M03,Es Teh Manis,167,0,1,1
2026-06-28,M01,Nasi Goreng Spesial,122,0,1,1
2026-06-28,M02,Mie Goreng Ayam,75,0,1,1
2026-06-28,M03,Es Teh Manis,165,0,1,1
2026-06-29,M01,Nasi Goreng Spesial,94,0,0,0
2026-06-29,M02,Mie Goreng Ayam,63,0,0,0
2026-06-29,M03,Es Teh Manis,146,0,0,0
2026-06-30,M01,Nasi Goreng Spesial,87,0,0,1
2026-06-30,M02,Mie Goreng Ayam,69,0,0,1
2026-06-30,M03,Es Teh Manis,120,0,0,1
2026-07-01,M01,Nasi Goreng Spesial,106,0,0,1
2026-07-01,M02,Mie Goreng Ayam,64,0,0,1
2026-07-01,M03,Es Teh Manis,125,0,0,1
2026-07-02,M01,Nasi Goreng Spesial,94,0,0,1
2026-07-02,M02,Mie Goreng Ayam,81,0,0,1
2026-07-02,M03,Es Teh Manis,129,0,0,1
2026-07-03,M01,Nasi Goreng Spesial,111,0,0,0
2026-07-03,M02,Mie Goreng Ayam,68,0,0,0
2026-07-03,M03,Es Teh Manis,153,0,0,0
2026-07-04,M01,Nasi Goreng Spesial,131,0,1,0
2026-07-04,M02,Mie Goreng Ayam,98,0,1,0
2026-07-04,M03,Es Teh Manis,189,0,1,0
2026-07-05,M01,Nasi Goreng Spesial,144,0,1,0
2026-07-05,M02,Mie Goreng Ayam,81,0,1,0
2026-07-05,M03,Es Teh Manis,198,0,1,0
2026-07-06,M01,Nasi Goreng Spesial,92,0,0,1
2026-07-06,M02,Mie Goreng Ayam,70,0,0,1
2026-07-06,M03,Es Teh Manis,125,0,0,1
2026-07-07,M01,Nasi Goreng Spesial,116,0,0,0
2026-07-07,M02,Mie Goreng Ayam,66,0,0,0
2026-07-07,M03,Es Teh Manis,96,1,0,0
2026-07-08,M01,Nasi Goreng Spesial,97,0,0,0
2026-07-08,M02,Mie Goreng Ayam,66,0,0,0
2026-07-08,M03,Es Teh Manis,146,0,0,0
2026-07-09,M01,Nasi Goreng Spesial,100,0,0,0
2026-07-09,M02,Mie Goreng Ayam,78,0,0,0
2026-07-09,M03,Es Teh Manis,150,0,0,0
2026-07-10,M01,Nasi Goreng Spesial,101,0,0,0
2026-07-10,M02,Mie Goreng Ayam,55,1,0,0
2026-07-10,M03,Es Teh Manis,140,0,0,0
2026-07-11,M01,Nasi Goreng Spesial,73,1,1,1
2026-07-11,M02,Mie Goreng Ayam,83,0,1,1
2026-07-11,M03,Es Teh Manis,159,0,1,1
2026-07-12,M01,Nasi Goreng Spesial,90,1,1,0
2026-07-12,M02,Mie Goreng Ayam,80,0,1,0
2026-07-12,M03,Es Teh Manis,207,0,1,0
2026-07-13,M01,Nasi Goreng Spesial,80,0,0,1
2026-07-13,M02,Mie Goreng Ayam,70,0,0,1
2026-07-13,M03,Es Teh Manis,119,0,0,1
2026-07-14,M01,Nasi Goreng Spesial,91,0,0,0
2026-07-14,M02,Mie Goreng Ayam,77,0,0,0
2026-07-14,M03,Es Teh Manis,137,0,0,0
2026-07-15,M01,Nasi Goreng Spesial,99,0,0,0
2026-07-15,M02,Mie Goreng Ayam,79,0,0,0
2026-07-15,M03,Es Teh Manis,152,0,0,0
2026-07-16,M01,Nasi Goreng Spesial,116,0,0,0
2026-07-16,M02,Mie Goreng Ayam,63,0,0,0
2026-07-16,M03,Es Teh Manis,147,0,0,0
2026-07-17,M01,Nasi Goreng Spesial,85,0,0,1
2026-07-17,M02,Mie Goreng Ayam,68,0,0,1
2026-07-17,M03,Es Teh Manis,127,0,0,1
2026-07-18,M01,Nasi Goreng Spesial,109,0,1,1
2026-07-18,M02,Mie Goreng Ayam,88,0,1,1
2026-07-18,M03,Es Teh Manis,158,0,1,1
2026-07-19,M01,Nasi Goreng Spesial,129,0,1,0
2026-07-19,M02,Mie Goreng Ayam,96,0,1,0
2026-07-19,M03,Es Teh Manis,190,0,1,0
2026-07-20,M01,Nasi Goreng Spesial,66,0,0,1
2026-07-20,M02,Mie Goreng Ayam,60,0,0,1
2026-07-20,M03,Es Teh Manis,117,0,0,1
2026-07-21,M01,Nasi Goreng Spesial,93,0,0,0
2026-07-21,M02,Mie Goreng Ayam,54,0,0,0
2026-07-21,M03,Es Teh Manis,148,0,0,0
2026-07-22,M01,Nasi Goreng Spesial,71,0,0,1
2026-07-22,M02,Mie Goreng Ayam,58,0,0,1
2026-07-22,M03,Es Teh Manis,117,0,0,1
2026-07-23,M01,Nasi Goreng Spesial,109,0,0,0
2026-07-23,M02,Mie Goreng Ayam,65,0,0,0
2026-07-23,M03,Es Teh Manis,153,0,0,0
2026-07-24,M01,Nasi Goreng Spesial,98,0,0,0
2026-07-24,M02,Mie Goreng Ayam,79,0,0,0
2026-07-24,M03,Es Teh Manis,158,0,0,0
2026-07-25,M01,Nasi Goreng Spesial,127,0,1,0
2026-07-25,M02,Mie Goreng Ayam,60,0,1,0
2026-07-25,M03,Es Teh Manis,150,1,1,0
2026-07-26,M01,Nasi Goreng Spesial,113,0,1,0
2026-07-26,M02,Mie Goreng Ayam,97,0,1,0
2026-07-26,M03,Es Teh Manis,187,0,1,0
2026-07-27,M01,Nasi Goreng Spesial,101,0,0,0
2026-07-27,M02,Mie Goreng Ayam,61,0,0,0
2026-07-27,M03,Es Teh Manis,138,0,0,0
2026-07-28,M01,Nasi Goreng Spesial,83,0,0,1
2026-07-28,M02,Mie Goreng Ayam,47,1,0,1
2026-07-28,M03,Es Teh Manis,124,0,0,1
2026-07-29,M01,Nasi Goreng Spesial,100,0,0,0
2026-07-29,M02,Mie Goreng Ayam,73,0,0,0
2026-07-29,M03,Es Teh Manis,131,0,0,0
2026-07-30,M01,Nasi Goreng Spesial,125,0,0,0
2026-07-30,M02,Mie Goreng Ayam,69,0,0,0
2026-07-30,M03,Es Teh Manis,113,1,0,0
2026-07-31,M01,Nasi Goreng Spesial,119,0,0,0
2026-07-31,M02,Mie Goreng Ayam,63,0,0,0
2026-07-31,M03,Es Teh Manis,155,0,0,0
2026-08-01,M01,Nasi Goreng Spesial,129,0,1,0
2026-08-01,M02,Mie Goreng Ayam,106,0,1,0
2026-08-01,M03,Es Teh Manis,205,0,1,0
2026-08-02,M01,Nasi Goreng Spesial,124,0,1,0
2026-08-02,M02,Mie Goreng Ayam,92,0,1,0
2026-08-02,M03,Es Teh Manis,162,1,1,0
2026-08-03,M01,Nasi Goreng Spesial,110,0,0,0
2026-08-03,M02,Mie Goreng Ayam,71,0,0,0
2026-08-03,M03,Es Teh Manis,142,0,0,0
2026-08-04,M01,Nasi Goreng Spesial,97,0,0,0
2026-08-04,M02,Mie Goreng Ayam,57,1,0,0
2026-08-04,M03,Es Teh Manis,147,0,0,0
2026-08-05,M01,Nasi Goreng Spesial,119,0,0,0
2026-08-05,M02,Mie Goreng Ayam,72,0,0,0
2026-08-05,M03,Es Teh Manis,134,0,0,0
2026-08-06,M01,Nasi Goreng Spesial,87,0,0,0
2026-08-06,M02,Mie Goreng Ayam,48,1,0,0
2026-08-06,M03,Es Teh Manis,140,0,0,0
2026-08-07,M01,Nasi Goreng Spesial,102,0,0,0
2026-08-07,M02,Mie Goreng Ayam,70,0,0,0
2026-08-07,M03,Es Teh Manis,157,0,0,0
2026-08-08,M01,Nasi Goreng Spesial,145,0,1,0
2026-08-08,M02,Mie Goreng Ayam,106,0,1,0
2026-08-08,M03,Es Teh Manis,201,0,1,0
2026-08-09,M01,Nasi Goreng Spesial,128,0,1,0
2026-08-09,M02,Mie Goreng Ayam,103,0,1,0
2026-08-09,M03,Es Teh Manis,189,0,1,0
2026-08-10,M01,Nasi Goreng Spesial,88,0,0,0
2026-08-10,M02,Mie Goreng Ayam,60,0,0,0
2026-08-10,M03,Es Teh Manis,142,0,0,0
2026-08-11,M01,Nasi Goreng Spesial,79,0,0,1
2026-08-11,M02,Mie Goreng Ayam,35,1,0,1
2026-08-11,M03,Es Teh Manis,116,0,0,1
2026-08-12,M01,Nasi Goreng Spesial,76,0,0,1
2026-08-12,M02,Mie Goreng Ayam,55,0,0,1
2026-08-12,M03,Es Teh Manis,137,0,0,1
2026-08-13,M01,Nasi Goreng Spesial,82,0,0,0
2026-08-13,M02,Mie Goreng Ayam,60,0,0,0
2026-08-13,M03,Es Teh Manis,159,0,0,0
2026-08-14,M01,Nasi Goreng Spesial,94,0,0,0
2026-08-14,M02,Mie Goreng Ayam,76,0,0,0
2026-08-14,M03,Es Teh Manis,103,1,0,0
2026-08-15,M01,Nasi Goreng Spesial,134,0,1,0
2026-08-15,M02,Mie Goreng Ayam,106,0,1,0
2026-08-15,M03,Es Teh Manis,203,0,1,0
2026-08-16,M01,Nasi Goreng Spesial,111,0,1,0
2026-08-16,M02,Mie Goreng Ayam,84,0,1,0
2026-08-16,M03,Es Teh Manis,195,0,1,0
2026-08-17,M01,Nasi Goreng Spesial,100,0,0,0
2026-08-17,M02,Mie Goreng Ayam,56,0,0,0
2026-08-17,M03,Es Teh Manis,104,1,0,0
2026-08-18,M01,Nasi Goreng Spesial,83,0,0,1
2026-08-18,M02,Mie Goreng Ayam,61,0,0,1
2026-08-18,M03,Es Teh Manis,124,0,0,1
2026-08-19,M01,Nasi Goreng Spesial,110,0,0,0
2026-08-19,M02,Mie Goreng Ayam,74,0,0,0
2026-08-19,M03,Es Teh Manis,167,0,0,0
2026-08-20,M01,Nasi Goreng Spesial,75,0,0,0
2026-08-20,M02,Mie Goreng Ayam,52,0,0,0
2026-08-20,M03,Es Teh Manis,144,0,0,0
2026-08-21,M01,Nasi Goreng Spesial,94,0,0,0
2026-08-21,M02,Mie Goreng Ayam,74,0,0,0
2026-08-21,M03,Es Teh Manis,150,0,0,0
2026-08-22,M01,Nasi Goreng Spesial,140,0,1,0
2026-08-22,M02,Mie Goreng Ayam,92,0,1,0
2026-08-22,M03,Es Teh Manis,196,0,1,0
2026-08-23,M01,Nasi Goreng Spesial,125,0,1,0
2026-08-23,M02,Mie Goreng Ayam,63,1,1,0
2026-08-23,M03,Es Teh Manis,206,0,1,0
2026-08-24,M01,Nasi Goreng Spesial,103,0,0,0
2026-08-24,M02,Mie Goreng Ayam,78,0,0,0
2026-08-24,M03,Es Teh Manis,102,1,0,0
2026-08-25,M01,Nasi Goreng Spesial,103,0,0,0
2026-08-25,M02,Mie Goreng Ayam,68,0,0,0
2026-08-25,M03,Es Teh Manis,117,1,0,0
2026-08-26,M01,Nasi Goreng Spesial,90,0,0,1
2026-08-26,M02,Mie Goreng Ayam,64,0,0,1
2026-08-26,M03,Es Teh Manis,138,0,0,1
2026-08-27,M01,Nasi Goreng Spesial,94,0,0,0
2026-08-27,M02,Mie Goreng Ayam,69,0,0,0
2026-08-27,M03,Es Teh Manis,146,0,0,0
2026-08-28,M01,Nasi Goreng Spesial,118,0,0,0
2026-08-28,M02,Mie Goreng Ayam,72,0,0,0
2026-08-28,M03,Es Teh Manis,156,0,0,0
2026-08-29,M01,Nasi Goreng Spesial,129,0,1,0
2026-08-29,M02,Mie Goreng Ayam,93,0,1,0
2026-08-29,M03,Es Teh Manis,206,0,1,0
2026-08-30,M01,Nasi Goreng Spesial,142,0,1,0
2026-08-30,M02,Mie Goreng Ayam,94,0,1,0
2026-08-30,M03,Es Teh Manis,186,0,1,0
